Solartankstelle, 48.0430166, 7.7655890
SWB Energie und Wasser, 50.7394515, 7.1027769
RheinEnergie, 50.9349344, 6.9461132
ABB, 47.4136053, 8.5362282
Stawag, 50.8303315, 6.0181410
RWE, 50.7872342, 6.0465952
Mainova, 50.3005224, 8.6947387
Stawag, 50.7683375, 6.0921054
Mainova, 50.1120637, 8.6773708
Stadt Böblingen, 48.6879879, 8.9996781
Stadt Böblingen, 48.6879923, 8.9997654
Stawag, 50.7680766, 6.0903553
Cactus, 49.5614096, 5.9009123
entega, 49.8065508, 8.6095338
Mainova, 50.3035292, 8.5697826
FH Bingen, 49.9518888, 7.9260385
Enexis, 50.9415770, 5.7927753
SWB Energie und Wasser, 50.7384292, 7.0808331
Stadtwerke Marburg, 50.7066313, 8.6990108
Mainova, 50.1053749, 8.6675860
Mainova, 50.1173080, 8.6790087
Stadtwerke Gaggenau, 48.8024143, 8.3159085
w-quadrat, 48.7756204, 8.3456601
Stadtwerke Rastatt, 48.8594779, 8.2007092
ewz, 47.4089160, 8.5490408
EWV, 50.8847641, 6.4614359
Mannheimer Versicherung AG, 49.4776514, 8.4910653
e.on, 50.7704434, 8.5785102
RWE Autostrom, 50.7926234, 7.2057623
Burger King, 49.2122997, 8.5235097
EKZ, 47.4257538, 8.5597280
ESWE, 50.0604864, 8.2541815
EWR, 49.7520298, 8.4870353
Süwag Energie AG, 50.0964480, 8.5448051
e.on, 50.7395072, 8.6306620
RWE, 50.9147579, 6.5917437
RWE, 50.9151464, 6.5911398
Stawag, 50.7677094, 6.1450194
Landkreis Gießen, 50.5755400, 8.7101823
Mainova, 50.1206204, 8.4914313
Stadtwerke Marburg, 50.7894758, 8.7564043
Stadtwerke Marburg, 50.7914796, 8.7660108
Stadtwerke Marburg, 50.8013365, 8.7732016
Stadtwerke Marburg, 50.8108048, 8.7713366
Stadtwerke Marburg, 50.8292139, 8.7724895
Stadtwerke Marburg, 50.7592489, 8.7361172
eShare, 47.4216880, 8.4099242
EnBW Energie Baden-Württemberg AG, 48.9952055, 8.3999176
RWE, 49.9697946, 7.8935547
E.On, 50.7891605, 6.0510115
Stadt Wesseling, 50.8251480, 6.9814562
Enexis, 50.9411577, 5.8320020
Charging station KHLim, 50.9288277, 5.3943060
Charging station KHLim, 50.9288058, 5.3943114
Charging station KHLim, 50.9287821, 5.3943194
RWE, 50.1762652, 8.6096280
RWE-Effizienz, 50.8506071, 6.3667033
Tesla Motors Inc., 50.8169140, 8.0859139
BMW i, 47.6159837, 8.2455033
Süwag, 50.0924743, 8.1033279
Stadtwerke MüllheimStaufen, 47.8805929, 7.7298143
EnBW, 48.6756350, 8.9988775
energis, 49.2273738, 7.0212695
Mennekes, 49.5351394, 8.5848297
RWE, 50.7725456, 7.3137178
Volkswagen, 48.6904359, 6.2165725
Thomé, 48.6173077, 6.1781081
Tesla Motors Inc., 50.6454173, 8.9898337
RWE, 50.7755594, 7.2841227
E-Werk Mittelbaden, 48.4717101, 7.9359438
E-Werk Mittelbaden, 48.4717860, 7.9399927
ADAC, 48.4684749, 7.9328794
E-Werk Mittelbaden, 48.4689394, 7.9560856
Mitsubishi Motors - MRDE, 49.8906671, 8.4065777
KEVAG-Gruppe, 50.3671648, 7.6177062
PM Pfennings, 50.9728377, 6.0916782
EMT, 50.9401137, 5.5595899
Stadtwerke Trier, 49.7519951, 6.6334254
Energiedienst, 47.6151956, 7.6659675
Tesla Motors Inc., 48.3430637, 8.6625828
Tesla Motors Inc., 49.5074548, 8.6375654
Stadtwerke Marburg, 50.9044205, 8.7275567
Stadtwerke Gießen, 50.5847692, 8.6640968
RWE, 49.6556122, 6.9426156
Tesla Motors, Inc., 49.9240578, 7.8254983
ene, 50.5377570, 6.5553186
ene, 50.5377828, 6.5553441
Energis, 49.1564567, 7.0337690
energis, 49.2163718, 7.0297131
energis, 49.2334594, 7.0016288
VGS mbH, 49.3230924, 7.3390676
tegut, 50.7870431, 8.7678295
tegut, 50.7866936, 8.7679465
tegut, 50.7869078, 8.7678785
Pedelec-Ladestation, 50.1815354, 8.7390920
Stadtwerke Marburg, 50.7909702, 8.7657227
bike-energy Ladestation, 47.5581782, 7.9514311
Volksbank Rhein-Wehra, 47.5531359, 7.9474432
Wahl, 50.5859203, 8.6499521
E-Bike, 47.5485070, 7.9310551
E-Bike, 47.5515456, 7.9498395
Stadtwerke Marburg, 50.7975650, 8.9235838
Raiffeisenbank Baiertal, 49.3023873, 8.7397104
Stadtwerke Ettlingen, 48.9393348, 8.4106635
Süwag Energie AG, 50.2204807, 8.2686364
Stadtwerke Bad Homburg, 50.2206030, 8.6220132
Mainova, 50.2924841, 8.5105660
Mainova, 50.3071686, 8.5157581
Verband Deutscher Maschinen- und Anlagenbau e. V., 50.0825826, 8.6266323
EVL, 50.3900503, 8.0642925
Technopark Zürich, 47.3900028, 8.5155114
RheinEnergie, 50.9844787, 6.8886488
RWE, 50.8444926, 7.4813979
Kaufland, 50.1322158, 8.7492854
GGeW, 49.6884490, 8.6194481
Steinauer, 47.1516948, 8.7335250
The New Motion, 50.0494864, 8.6984569
The New Motion, 50.0505168, 8.6989076
CKW, 47.0456013, 8.3720647
RWE, 50.9115769, 8.1032474
RWE, 50.9118778, 8.1028876
Aggerenergie, 50.9472431, 7.5490300
BKW, 47.4029480, 8.4021096
Stadt Balingen, 48.2777085, 8.8504235
RWE, 50.0510536, 7.6105942
RWE, 50.6897173, 6.4818310
Energiedienst, 47.9492965, 8.5016638
Stadtwerke Gießen, 50.5896466, 8.6843115
Stadtwerke Karlsruhe, 48.9929975, 8.4028774
Stadtwerke Friedberg, 50.3207485, 8.7399291
Electrosuisse, 47.3866803, 8.7484619
Jakobsgasse, 49.3871255, 8.3743891
RWE, 50.7725423, 7.3137563
Opdenhoff Technologie, 50.7717608, 7.2818428
Opdenhoff Technologie, 50.7717778, 7.2818575
Energiedienst, 47.6211928, 8.2181331
AMAG, 47.4023304, 8.6085465
Stadt Winterthur, 47.4965327, 8.7326313
Druckerei Isler, 47.4966712, 8.7406657
Micasa, 47.4985301, 8.7620084
DMG MORI, 47.5013302, 8.7647578
Agrola, 47.5027604, 8.7273511
Energie 360° AG, 47.5133707, 8.7648155
Groupe E, 47.5112229, 8.7606463
Elektrizitätswerke des Kantons Zürich, 47.5283878, 8.7059269
MDW Temperatursensorik, 47.4706313, 8.7721965
ores, 50.4245563, 6.0267753
RheinEnergie, 50.9608399, 6.9305481
RheinEnergie, 50.9692320, 6.9390537
evtn Energieversorgung Titisee-Neusttadt, 47.9032148, 8.1562679
Ladestation E-Bike, 49.9798192, 7.0871196
BHAG, 50.5986837, 7.2185895
Stadtwerke Troisdorf, 50.8165376, 7.1636184
GAG, 49.4727356, 8.4505942
Stadtwerke Karlsruhe GmbH, 49.0074920, 8.3423131
Euro RastPark Achern, 48.6408198, 8.0374510
Energie- und Wasserversorgung Bruchsal GmbH, 49.1249135, 8.5846523
Energie- und Wasserversorgung Bruchsal GmbH, 49.1238640, 8.5981323
Energie- und Wasserversorgung Bruchsal GmbH, 49.1236557, 8.5973296
Energie- und Wasserversorgung Bruchsal GmbH, 49.1238442, 8.6005617
Enexis, 50.8588978, 6.0280321
ENBW, 48.6421409, 8.9005445
Stadtwerke Friedberg, 50.3378107, 8.7575534
Robert Bosch GmbH, 49.0174676, 8.4765351
Stadt Heidelberg, 49.3900323, 8.6676572
Stadtwerke Speyer GmbH, 49.3358820, 8.4105806
Tank-E, 50.7677697, 6.9487327
Rheinenergie AG, 50.9388890, 6.9068456
Stadtwerke Speyer GmbH, 49.3191328, 8.4303304
badenova AG  Co. KG, 47.9851970, 7.8104602
Energie- und Wasserversorgung Bruchsal GmbH, 49.1243268, 8.5930896
Energie- und Wasserversorgung Bruchsal GmbH, 49.1263036, 8.5943063
Energie- und Wasserversorgung Bruchsal GmbH, 49.1349226, 8.5896226
Stadtwerke Weinheim GmbH, 49.5469063, 8.6702111
NaturEnergie, 47.9059718, 8.1063847
Rhein Energie TankE, 50.9039880, 6.9612209
LVR, 50.9621901, 6.7826434
Stadtwerke Speyer GmbH, 49.3105252, 8.4367698
Garage Kroely, 48.5171780, 7.7005583
Strom-Tankstelle, 49.2930195, 8.6972411
Autohaus Ernst, 49.5004885, 8.4977704
Süwag AG, 50.3128430, 7.7980124
T2-T3 22 kW carte RFID, 48.7417204, 7.3631355
ewb, 49.1092852, 8.7433451
Stadtwerke Bad Homburg, 50.2244472, 8.6334373
Cactus Cafruta (Luxembourgo), 49.6241432, 6.0508489
Provencale, 49.5760775, 6.0915464
Viapost, 48.6894621, 6.0144313
Natur Energie, 47.9996551, 7.8324074
EnBW, 49.0074221, 8.3990601
Station Hydrogène, 49.1072933, 7.0885870
Netze-BW GmbH, 49.2905299, 8.6963178
EnBW, 48.8367042, 8.2828450
Globus, 49.3237864, 6.7509089
Globus, 49.3233284, 6.7503993
Stadtwerke Langen, 49.9695138, 8.6539073
Stadtwerke Zweibrücken, 49.2491733, 7.3598548
Tesla Inc, 47.7210206, 8.6468358
EW Sirnach, 47.4706373, 8.9997839
RWE, 49.3500745, 8.6306704
Mainova, 50.3337605, 8.5396392
Robert Bosch GmbH, 48.6896828, 8.1191351
Innogy, 49.6960919, 6.5738676
RWE, 50.3511316, 6.5640827
EnRW, 48.1675317, 8.6273119
Freshmile, 49.1667529, 6.7176853
Süwag, 50.2963864, 8.2693505
EnBW, 49.3510481, 8.6322599
EnBW, 49.3510055, 8.6322526
EnBW, 48.3090148, 7.7916430
ENE, 50.4907891, 6.6299144
EnBW, 48.3096931, 7.7887960
EnBW, 48.3096355, 7.7887904
Ortsgemeinde Grünebach, 50.7772086, 7.9040103
Rheinenergie, 50.9514364, 6.9193967
EBM, 47.3876768, 8.5254154
Messancy (rue de la hart), 49.5871123, 5.8048650
Innogy, 49.9418945, 7.4027888
ewk, 47.9643273, 7.9549796
EnCW, 48.7999468, 8.4409119
ABB/BMW, 47.3261402, 8.5301762
Bender, 50.6020741, 8.9591548
Landhaus Klosterwald (Wirt), 50.4947780, 8.7861523
entega, 49.9500146, 8.6356884
Center Parcs, 49.5711750, 7.0822153
RWE, 50.9849475, 7.8467313
NaturEnergie, 48.1192370, 7.8472758
AggerEnergie, 50.9150671, 7.5391866
Blumen Decker, 48.6666938, 8.0596088
eCarup, 47.1908800, 8.4831010
Franz Eckenfels, 48.5549975, 8.0612442
Dieter Huhn, 48.5587539, 7.9656478
Aldi Süd, 50.1407012, 8.6624113
EVG Sankt Augustin, 50.7805382, 7.1831033
Mainova, 50.1127009, 8.6802656
Volksbank, 49.6652262, 8.0142110
SÜWAG, 50.3031037, 7.6036436
Epsilog, 47.2864161, 5.1359070
Stadtwerke Marburg, 50.8309924, 8.7721217
Stadtwerke Ettlingen, 48.9379482, 8.3813961
Stadtwerke Ettlingen, 48.9373485, 8.3811869
Stadtwerke Ettlingen, 48.9373743, 8.3812031
eon, 50.5748275, 8.6723177
eon, 50.5748635, 8.6722723
e-regio GmbH  Co. KG, 50.6321733, 6.6825620
Move, 47.0936151, 7.1554509
RheinEnergie, 50.9570894, 7.0121431
Entega, 49.8320421, 8.7516156
EWR, 49.6302839, 8.3609012
EWR AG, 49.6309796, 8.3565974
eeMobility GmbH, 49.0270459, 8.3501049
eeMobility GmbH, 49.0270705, 8.3501693
Rhein Energie TankE, 50.9564253, 6.8913150
Aldi Süd, 50.9065681, 6.9343706
Rheinenergie TankE, 50.9565242, 6.8935761
Rheinenergie, 50.9659897, 6.8694669
innogy, 50.9235307, 6.8766460
innogy SE, 50.9184886, 6.9358080
biocop, 49.6441491, 6.2757662
Nuon, 50.8457563, 5.7200154
Nuon, 50.8440983, 5.7257256
Stadtwerke Heidelberg, 49.4028910, 8.6656276
energiedienst.de, 47.9397300, 8.0802221
EnBW, 50.4476782, 7.8503282
EnBW, 50.4543602, 7.8731900
RWE, 49.9464580, 8.6081459
Werkgruppe Freiburg, 47.9732320, 7.8258358
RWE, 48.0296145, 7.8585070
Kostenlos, 47.8584451, 8.8968332
Auto Wyder, 47.1767483, 8.1087913
Il David, 48.1395071, 8.4148320
Hotel Riverside, 47.5681602, 8.4814908
EBW, 49.1429973, 8.6689847
RWE innogy Gemeinde Jünkerath, 50.3442829, 6.5814599
Gemeinde Winkel, 47.4925208, 8.5528824
Badenova, 47.9997639, 7.8582783
entega, 49.9305486, 8.6001161
innogy, 50.9867321, 6.5735297
Colruyt, 47.0977157, 5.5019562
Graf Hardenberg GmbH, 49.0064126, 8.4432379
Süwag Energie AG, 50.2464824, 8.1872197
GAIA mbH, 49.5096895, 8.2855345
GAIA mbH, 49.5139032, 8.2827405
McDonald's, 49.3595489, 8.6884383
Innogy, 49.7123149, 6.5037011
Innogy, 49.7122828, 6.5036944
Rhein Energie, 50.9574802, 7.0490102
Autohaus Zotz, 49.2081746, 8.1358582
Elektro-Walz, 50.5094104, 8.8265843
Edeka, 50.5064325, 8.8297589
Ikea, 48.0276862, 7.8340252
ÜWG, 49.9969839, 8.3234764
Tank  Rast, 47.9705032, 7.7216932
Stadtwerke Mülheim Staufen, 48.0447238, 7.6484039
eBike-Ladestation, 48.0446795, 7.6484365
Finzelberg GmbH, 50.4368380, 7.4159887
Finzelberg GmbH, 50.4368474, 7.4159552
Stadtwerke St. Ingbert, 49.2868880, 7.1313619
GGEW AG, 49.7657579, 8.6465594
EKZ, 47.2714247, 8.4391388
eBike Ladestation, 48.1233278, 7.7365228
e-on Drive, 49.6902432, 8.6038361
CKW, 47.0740109, 8.2733279
entega, 49.9322081, 8.6479089
esb Blumberg, 47.9283298, 8.4492066
Kaufland, 50.3799147, 8.7321015
Stadtwerke Bad Nauheim, 50.3724595, 8.7434418
rinklin NATURKOST, 48.0938547, 7.7515320
rinklin Naturkost, 48.0933586, 7.7526722
EnBW / E-Car / Typ 2 22 kW, 48.1219222, 7.7390455
rinklin NATURKOST, 48.0938207, 7.7514791
rinklin Naturkost, 48.0933339, 7.7527411
Stadt Brühl, 49.3944396, 8.5352698
EnBW, 49.2341984, 8.7741342
Saint-Louis Agglomeration, 47.5903187, 7.5543783
ADAC, 50.9209802, 6.9347738
eon, 50.9212064, 6.9407738
Rheinenergie, 50.9622959, 6.9543609
Rheinenergie, 50.9613397, 6.9545540
Rheinenergie, 50.9661617, 6.9536026
Ikea, 48.0276034, 7.8340908
FREI MOBIL / Ikea, 48.0278813, 7.8330156
FREI MOBIL / Ikea, 48.0279327, 7.8329948
DB, 50.1222692, 8.9288515
Tank  Rast, 49.9468306, 8.6112587
Ladestation für mobile Akkus, 50.1319029, 8.7495127
EWR, 49.6852499, 8.4523394
GGEW, 49.7015264, 8.6137199
Akki-Tanke, 50.9902524, 7.1233007
e-on Drive, 50.0563708, 8.9082524
EnBW / E-Car / Typ 2 22 kW, 48.1250877, 7.7414533
SYM CHARGE, 50.1412732, 8.7535187
Gemeinde, 50.8127411, 8.3394304
Entega, 49.8722814, 8.6612510
Entega, 49.8587787, 8.6527859
EVL, 50.3800954, 8.0791193
EVLink, 48.4474301, 6.7428428
Typ2, 49.5366867, 7.4069599
badenova, 48.0281123, 7.8458343
enBw, 49.2697702, 8.1517263
Innogy, 49.8107323, 7.1203507
ewk, 47.9652989, 7.9538299
ewk, 47.9639214, 7.9518826
EBM, 47.5384245, 7.4824632
Tesla?, 49.2702908, 6.7928439
Stadt Erftstadt, 50.8124863, 6.8143736
Kaufland, 48.4816509, 7.9473895
Kaufland, 48.4700071, 7.9251133
SLA, 47.5898890, 7.5831783
SLA, 47.6489285, 7.4604530
SLA, 47.6704405, 7.4979352
Mainova AG, 50.2152830, 8.4015459
Stadtwerke Aachen, 50.7424703, 6.1567078
Gemeinde Buseck?, 50.6287441, 8.8144737
Gemeinde Buseck?, 50.6095590, 8.7884644
Maingau Energie, 50.0696325, 8.8435414
energis, 49.2275719, 7.0120159
Rheinenergie AG, 50.9389156, 6.9072140
Tesla, 47.5772587, 7.8406687
Tesla, 47.5772453, 7.8406374
Tesla, 47.5771975, 7.8405259
Maingau, 50.0722465, 8.8540019
EnBW Energie Baden-Württemberg AG, 50.4234126, 7.9281002
SÜWAG, 50.4054820, 8.1529998
SÜWAG, 50.3911072, 8.1861507
SÜWAG, 50.3347812, 8.2331513
Ene, 50.4363553, 6.6518378
E-bikes, 50.4363931, 6.6513791
EnBW, 49.2915393, 8.6647422
MAINGAU Energie GmbH, 50.0093430, 8.7770749
SWB, 50.7416793, 7.1274132
Kaufland, 47.6258533, 7.6736563
Bockstahler Elektroanlagen, 48.1129337, 7.8581275
allego, 48.3538822, 7.8075067
Bio Markt, 48.1131561, 7.8599164
Stadtwerke Horb, 48.4428441, 8.6883373
FEG Evangelische Kirche, 47.3712129, 8.0006558
ABB, 50.5530862, 8.5333071
ABB, 50.5530746, 8.5333977
EBG compleo, 50.5530645, 8.5334718
EBG compleo, 50.5530522, 8.5335517
Rheinenergie, 50.9384206, 6.9364728
Stadt Sankt Augustin, 50.7771018, 7.1889679
Rheinenergie, 50.9514020, 6.9194908
EnBW, 49.2352531, 8.4541596
Charging Station allego, 50.7077772, 5.2521550
Charging Station innogy, 50.8170934, 6.2156389
Naturenergie, 47.9999052, 7.7907801
allego, 48.3436375, 8.6633861
Kaufland, 48.3542059, 8.9747773
Innogy, 49.7111108, 6.5921191
e-regio GmbH  Co. KG, 50.6251616, 6.8479508
nautique club, 48.0458968, 7.5578560
Energie Nordeifel GmbH  Co. KG, 50.5572847, 6.7655329
Mundle GmbH, 48.6903731, 8.9415287
privat, 49.0748942, 8.3773541
EnBW, 49.0635236, 8.7976536
Weiler Wärem, 48.5254937, 8.5647306
Thüga, 47.7558296, 8.8398688
innogy, 49.8180480, 7.7188513
Maingau Energie, 50.0686300, 8.8627006
RheinEnergie, 50.9310280, 6.9376871
EWB, 49.1250166, 8.5936998
Gemeinde March, 48.0479040, 7.7852744
Gemeinde March, 48.0602351, 7.7820870
E-Werk Mittelbaden, 48.4240055, 7.8992923
Tesla, 47.1002857, 6.1607447
Pfalzwerke, 49.4890707, 8.2232827
Communauté d'Agglomération du Grand Dole, 47.0899912, 5.4879483
IWB, 47.5592626, 7.5865115
Gemeindewerke Rülzheim, 49.1562748, 8.2888751
Werkbetriebe Frauenfeld, 47.5546470, 8.8972559
NaturEnergie / Typ 2, 47.7371664, 8.1664244
Kaufland, 47.6240278, 8.2179045
RWE, 50.1476342, 7.1668095
RheinEnergie, 50.8779281, 6.8876486
Werkbetriebe Frauenfeld, 47.5545337, 8.9001276
Stadtwerke Gengenbach / E-Car, 48.4024689, 8.0165301
E-Car / Typ 2, 47.7859871, 7.8922832
E-Werk Mittelbaden / E-Car, 48.4163732, 7.9857762
Aggerenergie, 50.9320393, 7.2844473
EWR, 49.9294409, 8.3037347
GGEW AG, 49.7419959, 8.6195850
CKW, 47.0331200, 8.3035159
Energiegesellschaft Frankenberg, 50.9727615, 8.9690944
Energiegesellschaft Frankenberg, 50.9727573, 8.9691588
OVAG, 50.5485226, 8.9875124
OVAG, 50.5914007, 8.9592574
Charging for electric bikes only, 48.9388370, 8.4089528
EKZ, 47.2718083, 8.4376119
EVlink / Tesla, 49.1041878, 7.0727852
SMIGHT / E-Car, 48.1036155, 7.9060760
Kaufland / E-Car, 48.6956622, 8.1458343
Aldi / E- Car, 48.8591036, 8.2387967
Aldi / E-Car, 49.3895687, 8.5787774
Kaufland /E-Car, 49.3855230, 8.5775534
EnBW / E-Car, 49.6443014, 8.5541696
Kaufladen / E-Car / Typ 2, 49.8133236, 8.6190518
EAM  E-Car  Typ2, 50.2272809, 8.9970817
OVAG Energie AG  E-Car  Typ2, 50.2418912, 8.8584356
bejectric-drive  E-Car  Typ2, 50.2281928, 8.8728573
SMIGHT / E-Car, 48.0961218, 7.8998307
Stadtwerke Hanau / E-Car Typ2, 50.1446856, 8.8830194
Kaufladen / E-Car, 49.8137408, 8.6198636
GGEW, 49.6811545, 8.6175053
Kaufland Dienstleistung GmbH  Co. KG, 48.1494626, 8.6402647
Kaufland Dienstleistung GmbH  Co. KG, 48.1711525, 8.5774133
ovag Energie AG, 50.3010138, 8.8135670
GGEW, 49.6994269, 8.6217097
E-Ladestation, 50.0216134, 8.1666717
E-Ladestation, 50.0230531, 8.1699930
Aldi, 47.6259828, 7.5992748
Stadtwerke Zweibrücken, 49.2516261, 7.3698588
Pfalzwerke, 49.1720286, 7.3140772
innogy, 50.1952327, 6.8313125
Gasthof Frohsinn Tesla Destination Charger 11kW, 47.6838445, 8.6298780
Charging Station, 49.8121697, 8.5792417
Clem, 49.7426129, 5.0167750
Clem, 49.7066834, 5.0916129
Clem, 49.6784251, 5.0824691
Clem, 49.6908331, 5.0230786
Clem, 49.7168377, 5.0319214
my-e-car, 47.9968446, 7.8456274
BMW Hutter/Swisscharge.ch, 47.7134160, 8.6580905
RWE, 50.6323380, 6.9512743
STEAG, 49.2384930, 6.9780188
OVAG, 50.4887322, 8.7205200
IONITY E-Car, 48.3088199, 7.7915763
EnBW / E-Car, 48.1398905, 7.6142807
Stadtwerke Emmendingen E-Car, 48.1173137, 7.8485659
FASTNED E-Car, 48.2270328, 7.7551356
IONITY E-Car, 48.3089451, 7.7915809
IONITY E-Car, 48.3088976, 7.7915828
IONITY E-Car, 48.3088613, 7.7915802
IONITY E-Car, 48.3095778, 7.7887792
IONITY E-Car, 48.3094983, 7.7887739
IONITY E-Car, 48.3094480, 7.7887712
ALDI / E-Car, 49.7744138, 8.6363857
IONITY E-Car, 48.3095380, 7.7887778
Innogy, 49.9698912, 6.8622021
Innogie, 49.9699086, 6.8621856
Stadtwerke Gießen, 50.6577481, 8.7353714
Oberhessische Versorgungsbetriebe AG, 50.4641787, 8.9192898
ALDI, 50.5982640, 8.8244945
Stadtwerke Mülheim Stufen E-Car, 47.8074373, 7.6306915
EnBW E- Car, 48.6528964, 8.3295026
EnBW VELOBOX, 48.6530196, 8.3292476
Pfalzwerke, 49.2090555, 8.0433381
Entega, 49.8710055, 8.6256461
Maingau Energie, 50.2332178, 8.7618530
Tesla, 47.5534911, 7.6583236
Innogy, 50.8348085, 6.9368195
Innogy, 50.8348813, 6.9367900
Innogy, 50.8348458, 6.9368047
Innogy, 50.8349212, 6.9367739
Innogy, 50.8349550, 6.9367591
Innogy, 50.8348284, 6.9369435
Innogy, 50.8348657, 6.9369288
Innogy, 50.8349013, 6.9369140
Innogy, 50.8349411, 6.9368979
Innogy, 50.8349749, 6.9368832
Stadtwerke Neustadt an der Weinstraße, 49.3219221, 8.0497638
Avia, 48.7606464, 8.9314095
ESWE Naturstrom, 50.0285362, 8.1289249
ESWE Naturstrom, 49.9820693, 7.9639646
Stadtwerke Bad Bauheim, 50.3655618, 8.7348239
OVAG, 50.3401077, 8.7543641
Maingau, 50.0706488, 8.8479854
Innogy, 49.8108619, 7.5235328
Mainova, 50.1104724, 8.6798567
Entega, 49.8608272, 8.5650092
Entega, 49.8612056, 8.5604150
Tesla Supercharger, 47.4178901, 8.3962860
eCarUp, 47.1893978, 8.5142007
eCarup, 47.1864939, 8.4782284
eCarup, 47.0265426, 8.2988849
bike-energy Ladestation, 50.8486532, 6.4479077
bike-energy Ladestation, 50.1999729, 8.5795385
bike-energy Ladestation, 47.1065894, 7.2183875
bike-energy Ladestation, 47.0523388, 7.0702296
bike-energy Ladestation, 50.9039484, 8.7247562
Stadt Friedrichsdorf, 50.2555062, 8.6468457
bike-energ Ladestation, 50.1139287, 8.6493795
bike-energy Ladestation, 50.0981100, 7.1185885
Stadtwerke Bad Nauheim GmbH, 50.3807396, 8.7211561
Wanderheim Rauher Stein, 48.0587083, 8.9780238
Advanceng GmbH, 47.0281175, 8.2996998
EBL, 47.4877953, 7.7332233
Volksbank Heuberg eG, 48.1822580, 8.9645917
Diakonie Kork, 48.5650989, 7.8683738
Stadt Kirchhain, 50.8194585, 8.9228871
Naturfreunde Gengenbach e.V., 48.4327302, 8.0737755
LS-Sports Sàrl, 49.8330565, 6.0953566
Mainzer Stadtwerke, 50.0063556, 8.2638989
EWR, 49.8839858, 8.0726111
cowelio, 50.9478559, 6.9116759
real,- SB Warenhaus Sankt Augustin, 50.7781529, 7.1888206
Sanitätshaus Kaphingst GmbH, 50.8404201, 8.7678693
ddm hopt+schuler GmbH  Co. KG, 48.1577191, 8.6315390
Neoperl GmbH, 47.8134248, 7.6044489
Rhenag, 50.7759783, 7.2855815
Rhenag, 50.7944320, 7.2001379
Steiner GmbH  Co. KG, 50.9944407, 8.3101077
Media Markt Bad Dürrheim, 48.0349866, 8.5324299
rhenag, 50.7724879, 7.2683954
EGT / E-Car, 48.1332682, 8.2220585
Technisch-Gewerbliches Berufsbildungszentrum Dillingen, 49.3463031, 6.7158510
Landgasthof Zum Freien Stein, 48.0108135, 8.9865880
bike-energy, 47.9377691, 8.7342474
EDEKA, 48.0328670, 8.8884492
Psychiatrisches Zentrum Nordbaden, 49.3040918, 8.7055313
Delta Pronautra, 49.9581628, 8.6704601
Thüga, 47.7613742, 8.8330082
Mainzer Stadtwerke, 49.9995961, 8.2469861
e-regio, 50.7341430, 7.0130995
e-regio, 50.7108439, 7.0199530
Gästehaus Hunziker, 47.4144432, 8.5593136
Tesla Supercharger, 49.6479782, 5.8191031
m way, 47.3588871, 8.5865320
innogy, 50.3719366, 7.2813380
Innogy, 49.3532791, 8.1350643
Innogy, 49.3547269, 8.1602532
BMW, 47.4832877, 8.4633390
bosch, 47.9858763, 7.0487836
Areus Engineering GmbH, 48.5751589, 8.8941197
Ladestation EWR, 49.9395739, 7.9705848
Vis a Vis, 50.8661499, 6.0957620
OVAG, 50.2481850, 8.7555013
mway, 47.3688056, 8.4629276
e-Station, 49.2280772, 7.0183606
Koelnmesse, 50.9480392, 6.9854271
NaturFreunde Ortsgruppe Karlsruhe e.V., 48.6664188, 8.2576573
Globus, 50.3854141, 7.5563006
Industrielle Betriebe Langenthal, 47.2137958, 7.7914458
Stadt Waldkirch, 48.0756262, 7.9247698
EnBW, 48.1479792, 7.7095456
EnBW, 48.1423289, 7.7038006
Ladenetz, 49.2382505, 8.8980701
Ladenetz, 49.2381990, 8.8980276
Kaufland, 49.9024325, 8.6088155
Lidl, 50.1772703, 8.9113619
Stadtwerke Offenbach, 50.1025332, 8.7787436
ABB, 49.2383130, 8.8981461
easy4you, 47.5059628, 8.5939517
BMW i., 48.0684951, 7.7237985
Badenova, 48.2694534, 7.7217862
Badenova, 48.2621253, 7.7387550
Schultz GmbH, 48.2630573, 7.8016569
Gemeinde Kirkel, 49.3115507, 7.2663141
innogy, 50.0171906, 8.3465194
greenmotion, 47.4213391, 8.3725978
GWW, 49.2715168, 6.7925938
GWW, 49.2661224, 6.8041668
GWW, 49.2369472, 6.7738592
IKEA, 49.2936527, 6.7590623
Tesla Destination Charger/AAA Hotels, 49.0126688, 8.3935289
Allego, 47.6256926, 7.6069633
Stadtwerke Haslach, 48.2789593, 8.0874460
Stadtwerke Haslach, 48.2784395, 8.0958266
Bürgerstiftung Weisenbach, 48.7282025, 8.3548169
Cambio, 50.9199608, 6.9605902
Badenova, 47.9933647, 7.8306810
Kaufland, 49.2432703, 6.8410183
ESWE Versorgung, 50.0965646, 8.2207794
Stawag, 50.7510832, 6.1567111
innogy, 50.0194693, 8.3576819
innogy, 50.0195944, 8.3577611
Innogy, 50.2494833, 7.4467141
Innogy, 50.2586504, 7.4447395
EnBW, 49.3920168, 8.7800597
Carrefour, 49.6788917, 5.8230567
Allego, 50.7959997, 5.2065710
Colruyt, 50.8126398, 5.1516943
Allego, 50.7960064, 5.2064556
Colruyt, 50.8126417, 5.1517171
Allego, 50.7960048, 5.2065147
Allego, 50.8695821, 5.5098700
ENCW, 48.6708407, 8.4758775
VELOBOX / EnBW, 48.7065285, 8.4334648
Ladestation AUDI Fleischhauer, 50.9040029, 6.9632549
Continental Teves, 50.1371940, 8.5945617
Pfalzwerke, 49.2441201, 8.3222985
GoFast, 47.6750243, 8.6145588
Lidl, 47.3791413, 8.6778735
E-bike Ladestation am Rathaus, 48.9143422, 8.5062527
Vauban Ladestation, 47.9741788, 7.8265328
Energie Südwest, 49.1984913, 8.1106445
Mainova, 49.9765688, 8.5679734
Maingau, 50.0060599, 8.7730269
Stadtwerke Trier, 49.7540739, 6.6432564
RWE, 50.9115711, 6.8222358
RWE, 50.9115556, 6.8221745
E-Bike Ladestation, 50.9035671, 8.5394920
real,-, 48.5730281, 8.7631296
NaturEnergie, 47.5924862, 7.6119743
Mc Donald's, 47.1109342, 5.5086545
Renault, 47.1118647, 5.4962392
Colruyt, 47.1525737, 5.7596266
real,-, 48.6860757, 8.9842191
Stadtwerke Neustadt an der Weinstraße, 49.3404848, 8.1696121
Mainova, 50.1489197, 8.3766158
Süwag, 50.1403281, 8.3881130
NaturEnergie, 47.7133414, 7.6595390
NaturEnergie, 47.8553853, 7.7792912
badenova, 47.9365185, 7.8651381
badenova, 47.9365778, 7.8651546
Tesla, 47.1737381, 8.5214370
GGEW AG, 49.7657944, 8.6468930
EWV, 50.6477308, 6.1953527
Kruisherenhotel, 50.8488553, 5.6838195
Colruyt Group, 50.9432586, 5.3494931
EWV, 50.5790541, 6.3056119
EWV, 50.6100041, 6.3058211
Lidl, 47.4989736, 8.7637853
LastMileSolutions, 48.0282078, 7.5797820
E-Bike-Ladestation, 50.7654011, 7.1069304
E-Autolader, 48.7511907, 8.5354390
UrStromMobil, 50.0105506, 8.2527434
Allego, 50.8484327, 5.4861227
Allego, 50.8390092, 5.4298617
Allego, 50.8673932, 5.5128857
Dats 24, 50.8493315, 5.4819164
REPOWER, 47.5037430, 8.7275875
Energie Südwest, 49.2118026, 8.0811863
Innogy, 50.2542187, 7.0098259
Lidl, 50.9778459, 7.0021483
Stadtwerke Baden Baden, 48.7350499, 8.2555883
Stadtwerke Baden Baden, 48.7351283, 8.2555009
Stadtwerke Saarlouis, 49.2903169, 6.7592771
EnBW, 47.7756211, 8.9173816
ENSTO, 47.7009786, 8.6243106
Gemeinde Buseck, 50.6233289, 8.7607706
BAHAG, 50.6023141, 7.2219699
EnBw, 48.3669805, 8.8027415
Lidl, 48.5327245, 7.5002054
Innogy, 49.8906044, 7.1170416
Innogy, 49.9186629, 7.0680052
Sämann Kaufhaus GmbH  Co. KG, 48.9298850, 8.9594116
energie thurgau, 47.5571419, 8.8913829
Last Mile Solutions, 49.8554725, 8.7589492
innogy, 50.9282323, 6.7778146
EnBW, 49.6469863, 8.2934591
EnBW, 49.6470621, 8.2934295
innogy, 49.9637820, 7.7687344
IONITY, 50.4415866, 7.2239584
IONITY, 50.4414420, 7.2239203
IONITY, 49.9257693, 7.9365983
IONITY, 49.9258532, 7.9367931
Stadtwerke Marburg, 50.8196386, 8.7738235
STAWAG, 50.7516024, 6.1579341
Place des Cordeliers, 48.7357182, 7.0540466
CinéSar, 48.7338849, 7.0599059
Gare, 48.7384204, 7.0532608
Terrasse Normandie, 48.7223281, 7.0431418
Troisfontaines - Rue du Stade, 48.6706512, 7.1158128
Sarrebourg - Mairie, 48.7342930, 7.0561127
Parking de covoiturage, 48.7189429, 7.0475224
Langatte - Zone de Loisirs, 48.7575112, 6.9512614
Abreschviller, 48.6368751, 7.0963983
Fénétrange - Parking rue des Remparts, 48.8478929, 7.0186489
Héming - Parking de la mairie, 48.6931345, 6.9656566
Lorquin - PMU, 48.6696592, 6.9970499
Plaine de Walsch - Rond point du Rethal, 48.6906923, 7.1552813
Moussey - Bataville, 48.6880856, 6.8031201
Borne de recharcgement véhicule électrique, 48.0759006, 7.3442764
Borne de recharcgement véhicule électrique, 48.0758867, 7.3443411
Borne de recharge véhicule électrique - Parking gare Bleylé - Niveau 1 - Place n°32, 48.0712708, 7.3460204
Borne de recharge véhicule électrique - Parking gare Bleylé - Niveau 1 - Place n°31, 48.0713045, 7.3460524
Borne de recharge véhicule électrique - Parking gare Bleylé - Niveau 1 - Place n°30, 48.0713423, 7.3460864
Borne de recharge véhicule électrique - Parking gare Bleylé - Niveau 1 - Place n°29, 48.0713771, 7.3461177
Borne de recharge véhicule électrique - Parking gare Bleylé - Niveau 1 - Place n°28, 48.0714093, 7.3461513
Borne de recharge véhicule électrique - Parking gare Bleylé - Niveau 1 - Place n°27, 48.0714434, 7.3461770
Borne de recharge véhicule électrique - Parking Lacarre - Niveau 1 - Place n°34, 48.0834971, 7.3569363
Borne de recharge véhicule électrique - Parking Lacarre - Niveau 1 - Place n°33, 48.0835209, 7.3568058
Borne de recharge véhicule électrique - Parking Lacarre - Niveau 1 - Place n°29, 48.0833958, 7.3568871
Borne de recharge véhicule électrique - Parking Lacarre - Niveau 1 - Place n°28, 48.0834272, 7.3567614
Borne de recharge véhicule électrique - Parking mairie - Niveau 1 - Place n°1, 48.0793944, 7.3579626
Borne de recharge véhicule électrique - Parking mairie - Niveau 1 - Place n°2, 48.0794442, 7.3580038
Borne de recharge véhicule électrique - Parking Rapp - Niveau 1 - Place n°1267, 48.0769202, 7.3543992
Borne de recharge véhicule électrique - Parking Rapp - Niveau 1 - Place n°1268, 48.0768616, 7.3543491
Borne de recharge véhicule électrique - Parking Saint Josse - Niveau 1 - Place n°127, 48.0754764, 7.3646182
Borne de recharge véhicule électrique - Parking Saint Josse - Niveau 1 - Place n°126, 48.0755219, 7.3647630
EGT, 48.1252154, 8.3321634
EnBW, 47.5531079, 7.9349738
Borne véhicule éléctrique Amancey, 47.0377768, 6.0707229
Suez, 50.8161639, 6.9857597
Suez, 50.8161914, 6.9857953
Suez, 50.8162190, 6.9858308
Graf Hardenberg GmbH, 49.0063893, 8.4433506
EnBW, 48.9268170, 8.9663069
EnBW, 48.9313917, 8.9602531
ChargePoint, 48.7475720, 7.6874826
Stadtwerke Marburg, 50.8109738, 8.7757787
Office de Tourisme de Wellin, 50.0819702, 5.1130339
Allgäuer Überlandwerk, 47.7274460, 10.3187933
AllgäuStrom, 47.7197379, 10.3169632
Allgäuer Überlandwerk, Kempten, 47.5533321, 10.0251903
Allgäuer Überlandwerk, Kempten, 47.9899721, 10.2319404
Allgäuer Überlandwerk, Kempten, 48.0068847, 10.5974687
Allgäuer Überlandwerk, Kempten, 47.4066079, 10.2846982
Allgäuer Überlandwerk, Kempten, 47.5594189, 10.2209811
AllgäuStrom, 47.7160092, 10.3136672
Stadtwerke Fürstenfeldbruck, 48.1750126, 11.2501252
Wurst Autohaus, 48.5707378, 9.2682587
VWEW Ladestation E-Autos, 47.8838046, 10.6246989
E.On, 48.1326571, 11.5460300
RWE, 48.8760905, 9.4036930
e.on, 48.1906009, 11.6465460
Car Sharing, 48.0243709, 11.5908415
Allgäuer Überlandwerk, 47.6240264, 10.5014697
Stadtwerke Dingolfing GmbH, 48.6414370, 12.4884690
VWEW, 48.0465259, 10.4887829
Bayernwerk AG, 48.1717188, 11.8102761
eE-Tour Allgäu, 47.5533291, 10.0251593
elektrodrive-tirol.at, 47.2626210, 11.3974593
Stadtwerke Augsburg, 48.3101036, 10.8925859
Stadtwerke Bayreuth Energie und Wasser GmbH, 49.9264940, 11.5849694
EnBW, 48.7578187, 9.2558519
Stadtwerke Traunstein, 47.8680464, 12.6439758
Strom, 50.0119712, 9.2969682
Strom, 49.9873253, 9.1649861
EnBW, 48.6396375, 9.4439324
EnBW, 48.8270007, 9.2318161
EnBW, 48.7793498, 9.1949183
EnBW, 48.8045725, 9.2182262
ENBW, 48.7447559, 9.1059627
EnBW, 48.8314266, 9.1851815
EnBW, 48.8026710, 9.2289651
Stadtwerke Schwabach, 49.3224597, 11.0515412
EnBW, 48.7222599, 9.1499417
EnBW, 48.7211143, 9.1563340
E.ON, 50.1432190, 11.0547565
Stadtwerke München, 48.1560591, 11.5549218
Deutsche Bahn, 50.9904642, 11.3266358
Tesla Motors Inc., 48.4110560, 10.4404045
EnBW, 48.7648054, 9.1619594
EnBW, 48.6737984, 9.0085200
EnBW, 48.6941115, 9.0214307
Kreiswerke Main-Kinzig GmbH, 50.2056778, 9.1392841
EnBW, 48.7384179, 9.0927253
BMWi/ChargeNow, 48.1890971, 11.5738285
BMWi/ChargeNow, 48.1893184, 11.5703479
EnBW, 48.7001332, 9.0174247
EnBW, 48.7498160, 9.2734567
EnBW, 48.7498536, 9.2734422
EnBW, 48.7498912, 9.2734277
EnBW, 48.7499664, 9.2733986
EnBW, 48.7499288, 9.2734131
radtankstelle.de, 47.8416893, 10.6763106
EnBW, 48.7484007, 9.2728483
EnBW, 48.7484119, 9.2729121
EnBW, 48.7486959, 9.2733402
EnBW, 48.7487072, 9.2734077
Swiss Heidi Hotel, 47.0033504, 9.5266315
Tesla Motors Inc., 48.9947447, 12.1506747
Tesla Motors Inc., 50.2028381, 11.7765784
E-Tankstelle, 48.1058248, 12.5651351
EG Wolkersdorf, 47.9057832, 12.5968871
EnBW, 48.6680799, 9.0027890
AVG, 49.9736363, 9.1451134
Stadtwerke Schwäbisch Gmünd,, 48.8030774, 9.7991804
BayWa Bau-  Gartenmärkte GmbH  Co. KG, 48.8310850, 10.0804703
Gemeinde Ilshofen, 49.1702086, 9.9183017
EnBW, 48.7024852, 9.0138046
OVAG AG, 50.7526664, 9.2715202
ENBW, 48.8303750, 9.2307430
Tesla Motors Inc., 49.1812173, 10.0693349
Tesla Motors Inc., 50.1819297, 9.0066995
car2go, 48.7564765, 9.2170618
Stadtwerke Augsburg, 48.3659042, 10.9049501
Aufladestation E-Bike, 47.9210241, 9.2607508
Allgäuer Überlandwerk, Kempten, 47.3575924, 10.1865684
e.on, 49.9461260, 11.5756514
ENBW, 48.7832114, 9.1579283
EnBW, 48.7788334, 9.1604940
EON, 48.2173628, 11.2578421
Stadtwerke Schwaz, 47.3617196, 11.7236115
EHINGER ENERGIE GmbH  Co. KG, 48.2365165, 9.6427697
Stadtwerke Meiningen, 50.5664427, 10.4176926
Gemeindewerke Wendelstein, 49.3568198, 11.1409731
Stadtwerke Schwabach, 49.3256023, 11.0346072
EnBW, 48.7276281, 9.1401131
Stadtwerke Klingenberg, 49.7858849, 9.1801656
HEV, 49.2037108, 9.9835379
Stadt Riedlingen, 48.1516551, 9.4778054
Stadt Riedlingen, 48.1516163, 9.4776720
Hotel Moosleitner, 47.8439218, 12.9542126
SÜWAG, 49.1433839, 9.1242192
ZEAG, 49.1429452, 9.1239187
BMW, 48.6489094, 12.4715384
BMW, 48.6489228, 12.4716210
BMW, 48.6489313, 12.4716852
BMW, 48.6391435, 12.4903704
BMW, 48.6391545, 12.4903170
BMW, 48.6391645, 12.4902613
BMW, 48.6391770, 12.4901953
Käsmann, 49.3405180, 9.1190400
Kreissparkasse und Stadtwerke Gelnhausen, 50.2003287, 9.1932565
HEW Hof Energie  Wasser GmbH, 50.3219034, 11.9173988
EnBW, 48.6892316, 9.0264782
LEW, 48.2233993, 10.1783924
Gasthaus Schönblick, 48.1599854, 9.5558645
Tesla Motors Inc., 48.5107430, 11.5820522
LEW, 48.2223126, 10.1057275
LEW, 48.2229414, 10.1191238
LEW, 48.2243097, 10.1049929
Stadtwerke Heidenheim, 48.6926241, 10.0644488
Stadtwerke Roth, 49.2503165, 11.0868839
elektrodrive-tirol.at, 47.2625714, 11.3974346
LEW, 47.8032116, 10.5504678
LEW, 48.2239917, 10.1788361
Gasthof Groß, 48.2542924, 11.3643009
Versorgungsservice Main-Kinzig, 50.1929568, 9.2053501
eins energie in sachsen, 50.8410134, 12.9225392
eins energie in sachsen, 50.8368119, 12.9250591
BMWi, 48.6973981, 9.6624010
Vlotte-VKW, 47.4891511, 9.6897387
LEW Augsburg, 48.2344917, 10.8645580
LEW Augsburg, 48.2375651, 10.8908694
LEW Augsburg, 48.2531376, 10.7878007
LEW, 48.4110524, 10.4403134
Stadt Marktheidenfeld, 49.8423127, 9.5994512
Stadt Marktheidenfeld, 49.8449280, 9.6005040
Autohaus Hettinger, 49.8402493, 9.6072762
bft, 49.6607798, 10.9191904
VKW Mobilität, 47.4754045, 9.7311176
VKW Mobilität, 47.4297980, 9.7404810
LEW, 48.4524786, 10.2786032
LEW, 48.4532279, 10.2852415
VLOTTE PC, 47.4926879, 9.7421012
Parkplatz Kunstturm, 50.9837734, 12.4374526
Parkplatz Kornmarkt, 50.9844555, 12.4330913
Tiefgarage Roßplan, 50.9834171, 12.4319594
Parkplatz Bahnhof, 50.9963582, 12.4433422
Franz-Mehring-Straße, 50.9913859, 12.4354043
E-Bike-Tankstelle, 48.4496826, 12.3537279
Herzo-Werke, 49.5702524, 10.8819589
Vlotte-VKW, 47.4866865, 9.6932628
VLOTTE PC, 47.4979946, 9.7287601
Stadtwerke Meiningen, 50.5703562, 10.4370671
Stadt Weißenburg, 49.0314694, 10.9705079
SWE Stadtwerke Erfurt GmbH, 50.9638017, 11.0389133
LEW, 48.3554572, 10.9830015
die-energie Stadt Lohr a. Main, 49.9945658, 9.5744420
Wallbe, 47.9393748, 10.0897326
EnBw, 48.7610027, 9.1725258
Ladestation WHZ Scheffelberg, 50.7325417, 12.5015782
LEW, 48.0344762, 10.7152133
LEW, 48.0358756, 10.7235201
LEW, 48.0286563, 10.7275180
LEW, 48.0304285, 10.7262493
Kommunalunternehmen Stadtwerke Pfaffenhofen a. d. Ilm, 48.5298508, 11.5060720
Stromtankstelle, 49.7822053, 11.1891495
KommEnergie, 48.1864568, 11.3874300
KommEnergie, 48.1714123, 11.3671234
KommEnergie, 48.1706815, 11.3515653
Stadt Öhringen, 49.1977978, 9.5063355
N-Ergie, 49.6041763, 11.0556512
Autohaus Jena-Rothenstein KG, 50.9058716, 11.5906928
Stadtwerke Schwabach, 49.3287917, 11.0220234
Stadtwerke Schwabach, 49.3374066, 11.0143596
Belelectric, 49.3185968, 11.0117581
Emco, 47.4163132, 9.7422330
SWE Strom, 50.9705516, 11.0098362
Belectric Drive, 49.7307300, 10.1410925
Belectric Drive, 49.7306912, 10.1410709
E-WALD GmbH, 49.0303080, 12.9991953
E-WALD GmbH, 48.8373186, 12.1381099
E-WALD GmbH, 48.8288613, 12.9565839
LEW, 48.3955287, 10.6073401
LEW, 48.1389522, 10.2465012
N-Ergie, 49.4751439, 11.2046878
EWG, 49.9995851, 9.1922548
EnBW, 48.7411755, 9.3133651
EnBW, 48.7407077, 9.3058929
EnBW, 48.7425361, 9.3067454
Tesla Motors, 50.6438849, 10.6848275
Ziehl-Abegg Automotive GmbH, 49.2009804, 9.4964846
Albwerk GmbH  Co. KG, 48.6249300, 9.8352414
Vlotte PC, 47.5219456, 9.9142853
The new motion, 47.8437708, 12.9542616
e-move, 47.8750720, 10.6299474
EnBW, 49.2802499, 9.6924435
E-Bike-Ladestation, 50.6767857, 9.5630840
Stadtwerke Bad Neustadt, 50.3245421, 10.2125463
Mainova AG, 50.3839484, 9.2992325
Vlotte PC, 47.4595214, 9.6407422
VKW Mobilität, 47.2852827, 9.6513168
EWG, 50.0072121, 9.2059115
Tourismusverband Bramberg, 47.2722710, 12.3447048
Vlotte PC, 47.4510001, 9.8311788
Autohaus Schwerdtner GmbH, 47.7514342, 11.3815500
Stadtwerke Penzberg, 47.7577015, 11.3808457
Stadtwerke Penzberg, 47.7508734, 11.3752436
Freizeitpark Ruhpolding, 47.7406576, 12.6129316
Technische Universität Ilmenau, 50.6828460, 10.9383709
ROTHMOSER, 48.0473969, 11.9686939
EnBW, 48.7449216, 9.2346815
EnBW, 48.7387000, 9.2332897
Solarstrom, 47.4251189, 9.3830529
BMW, 48.1913994, 11.5703496
Bike Energy, 47.3240531, 12.7996241
LEW, 48.4528792, 10.2778265
Stadtwerke Energie Jena-Pößneck GmbH, 50.9463921, 11.6025582
Versorgungsservice Main-Kinzig GmbH, 50.2275134, 9.3492875
eins energie in sachsen, 50.8451712, 12.9258358
SWN, 50.1258040, 10.8605410
Fahrrad-Ladestation, 50.9404567, 11.3937583
Lechwerke AG, 48.2442303, 10.3625972
BMWi ChargeNow, 49.7935136, 9.9981907
Landratsamt BGL, 47.7398193, 12.8963528
Thurwerke, 47.3017212, 9.0863533
VKW Vlotte, 47.1549179, 9.8183907
EnBW, 48.7985158, 9.0612251
Extrawatt GmbH, 50.9898287, 11.3358306
Erdgas Schwaben, 48.8554843, 10.4925275
Hornbach, 49.4513512, 11.0018866
BMW, 49.4476144, 11.0455637
Stadtwerke Mühldorf, 48.2413548, 12.5242263
Stadtwerke Kitzbühel, 47.4440551, 12.3982909
Elektrotankstelle, 49.1677503, 9.8454108
LEW, 48.3552841, 10.1597220
Tank  Rast, 50.4054368, 11.7752716
EnBW Energie Baden-Württemberg AG, 48.6899042, 9.1884132
Tank  Rast, 50.7248369, 10.8471177
Tank  Rast, 50.7265623, 10.8420694
LEW, 48.0509474, 10.8820151
Vorarlberger Kraftwerke AG, 47.4396049, 9.7563961
SAP SE, 47.7141758, 9.4026875
N-Ergie, 49.1987729, 11.3289505
TIWAG, 47.0134938, 11.1630173
Electrodrive Salzburg, 47.2788714, 12.4769607
EVite, 47.4596269, 9.0931713
DBT, 47.4454547, 9.1544278
Riget, 47.1475934, 9.0358225
Stadtwerke Tauberfranken, 49.4966784, 9.7768573
Raichle GmbH, 48.1134285, 9.5338912
Gasthof Adler, 48.2890206, 10.5327407
LEW, 48.3541576, 10.7794006
Stadtwerke Neuburg, 48.7272591, 11.1770253
Grasenhiller, 49.4461909, 11.8261030
Zulassungsstelle Amberg-Sulzbach, 49.4464548, 11.8444235
Hardy Barth, 49.4161520, 11.6463327
Hardy Barth, 49.4160973, 11.6463416
Hardy Barth, 49.4162323, 11.6463099
Eins Energie, 50.8343499, 12.9205401
Herzo Werke, 49.5795343, 10.8814456
EGG Energieversorgung Gera, 50.8840770, 12.0789097
Sparkasse Kulmbach-Kronach, 50.1090259, 11.4535872
Sparkasse Kulmbach-Kronach, 50.1090087, 11.4536033
EnBW, 48.7853591, 9.1669906
Nissan-Autohaus Junghans  Kunz, 50.7268067, 12.4752919
E-Bike Ladestation, 48.6269483, 12.4954464
VKW, 47.5357510, 9.7794726
EnBW, 48.7830089, 9.2200128
EnBW, 48.7831971, 9.2171589
ABB/EVW, 47.0393124, 9.4368986
FAU, 49.5815003, 11.0291074
Gemeinde Karlsfeld, 48.2271155, 11.4694496
Swarovski, 47.2875259, 11.5923523
Swarovski, 47.2882076, 11.5943418
N-Ergie, 48.9955159, 11.2106211
Legal GmbH, 47.7291998, 9.2564017
N-Ergie, 49.0882920, 11.2207914
Rastplatz Altenburger Land Süd, 50.8565230, 12.3131134
Rastplatz Altenburger Land Nord, 50.8608757, 12.3080210
Autohaus Wiesner, 50.8752215, 12.3104810
Gemeinde Gossau / Raiffeisen, 47.4140141, 9.2492344
Verbund Ladeverbund Franken+, 49.4410244, 10.9591853
E-Bike-Ladestation, 47.9786881, 10.6413202
E-Bike Ladestation, 48.6512033, 12.5998226
V-Markt, 48.3015497, 10.1520793
Stadtverwaltung Plochingen, 48.7139739, 9.4110720
E.ON Bayernwerk, 48.0651954, 11.6117815
Ladestation für E-Bike, 48.6511872, 12.5998488
FES/AES, 50.7329156, 12.4780890
E-Wald, 49.1586058, 11.0405988
Stadtwerke Schweinfurt, 50.0459969, 10.2213818
E-Bike Ladestation, 48.9614436, 10.1313066
Ikea, 49.4847378, 11.0089251
BayWa, 49.4732998, 11.0781782
RWE, 49.4311336, 11.0725812
Messe Nürnberg, 49.4167023, 11.1145827
Aldi, 48.6776412, 9.0118871
Lechelektrizitätswerke, 47.8981286, 10.4131280
Möbelhaus Raab, 47.7481756, 11.3748922
SWU, 48.3906595, 9.9973085
SWM, 48.1533715, 11.5652280
Taurerwirt, 47.0251813, 12.6343068
Bw Fuhrpark GmbH, 48.2110245, 11.5937484
EnBW, 48.7703684, 9.1666499
EnBW, 48.7416014, 9.0331931
N-Ergie, 49.4548998, 11.1167366
Gasthaus Sonne, 48.0705330, 9.6473345
EnBW, 48.7702037, 9.1544142
EnBW, 48.8105703, 9.2081075
Tesla, 49.7707129, 9.5762278
bayernwerk / E-WALD, 50.3249191, 11.6983561
Energieversorgung Lohr-Karlstadt u. Umgebung GmbH  Co. KG, 49.9622157, 9.7688320
Gemeinde, 47.3030098, 9.0850836
VW, 48.0878134, 11.4983746
Stadtwerke Geretsried, 47.8748682, 11.4680450
Stadtwerke Schwabach, 49.3278462, 11.0257569
tb Glarus, 47.0422220, 9.0707240
Kommunalunternehmen Stadtwerke Pfaffenhofen a. d. Ilm, 48.5300932, 11.5056800
STWB Stadtwerke Bamberg, 49.9008176, 10.8847860
privat, 47.1469858, 10.5777927
Mobilitätspunkt Gingen, 48.6587769, 9.7821651
fanergie, 48.9257787, 9.2037137
Stadtwerke München, 48.1801822, 11.5732739
VR-Bank, 49.4504255, 11.1028668
eeMobility / Siemens, 49.4820397, 10.9636271
eeMobility / Siemens, 49.4820313, 10.9635637
E-Bike, 49.4935507, 9.8165944
2x Porsche  1x Tesla, 48.9215758, 9.1669600
TEAG, 50.6837294, 11.2702897
EGG Energieversorgung Gera, 50.8444473, 12.0636304
chargelT mobility, 50.9948246, 9.7267549
chargelT mobility, 50.9969583, 9.7321525
AÜW, 47.7453693, 10.2323189
SAK, 47.2031481, 9.3499795
e-On, 47.6752916, 12.0111915
Stadtwerke Erding, 48.3127543, 11.9142725
IHK Akademie Mittelfranken, 49.4849760, 11.0543825
Autobahn Tank  Rast, 50.8213306, 12.7647794
Stadtwerke Bamberg, 49.9035210, 10.8873072
eins energie in sachsen, 50.8505049, 12.9211423
eins energie in sachsen, 50.8493986, 12.9263199
Stadtwerke München, 48.2135948, 11.5563123
Stadtwerke München, 48.2135036, 11.5562902
Stadtwerke München, 48.1836945, 11.4811976
Stadtwerke Jena, 50.9016965, 11.5909757
be.energised, 47.7961689, 12.4737633
Tesla-Station vom Hotel Badehof, 50.6226753, 9.5050665
Landratsamt Bamberg, 49.8989433, 10.8994478
TEAG, 50.4494182, 11.6428620
Elektrotankstelle der FAU, 49.5729848, 11.0246702
Elektrotankstelle der FAU, 49.5746654, 11.0266934
Danpower GmbH, 48.5224097, 11.5058122
eins energie in sachsen, 50.8549073, 12.9192317
Technische Betriebe Glarus Nord, 47.0978728, 9.0605899
EGG Energieversorgung Gera, 50.8811347, 12.0734586
EGG Energieversorgung Gera, 50.8719383, 12.0839651
EGG Energieversorgung Gera, 50.8871345, 12.0841236
EGG Energieversorgung Gera, 50.8485151, 12.0880109
EGG Energieversorgung Gera, 50.8771071, 12.1200322
EGG Energieversorgung Gera GmbH, 50.8795660, 12.0763237
eeMobility, 49.3998319, 11.1617843
eeMobility, 49.3997895, 11.1618396
eeMobility, 49.4003129, 11.1633377
eeMobility, 49.3988451, 11.1645003
eeMobility, 49.3988174, 11.1644478
eeMobility, 49.3987635, 11.1643366
eeMobility, 49.3987301, 11.1642701
eeMobility, 49.3986425, 11.1640957
eeMobility, 49.3986836, 11.1641812
eins Energie in Sachsen, 50.8056513, 12.9218395
Siemens AG, 49.4369251, 11.0755096
Infra, 49.4796812, 11.0005738
Stadtwerke München, 48.1631097, 11.5904193
eeMobility, 49.3987885, 11.1643925
TIWAG, 47.2138808, 11.0249640
TEAG Thüringer Energie AG, 50.5004134, 11.7288549
infra, 49.4729724, 10.9920951
Kaufland, 49.1502896, 9.2988280
Tesla, 50.2847111, 12.2399021
Stadtwerke Dinkelsbühl, 49.0674943, 10.3334765
Kaufland, 49.5933089, 11.0261683
Tank  Rast, 49.0451625, 9.2659461
LKW - Kühlladung, 50.1816717, 9.0067891
LKW - Kühlladung, 50.1817465, 9.0067301
Tesla Supercharger, 50.1819011, 9.0067444
fast E, 50.1824765, 9.0069415
Elektroladeststation, 47.4563753, 10.9935075
Infra Fürth, 49.4834694, 10.9976385
Stadtwerke München, 48.1548336, 11.5597288
E-Wald, 50.2371860, 11.7260355
Stadtwerke München, 48.1698917, 11.5777238
Stadtwerke München, 48.1711981, 11.5851917
Stadtwerke München, 48.1667070, 11.5787018
ATU, 47.5679959, 10.6805373
WVV, 49.7977059, 9.9356643
N-Ergie, 49.4491943, 11.0746542
Gemeinde Veitshöchheim, 49.8323006, 9.8725690
Gasthaus Zum &quot Kouh - Lenzen&quot , 50.0109182, 12.2269838
Gemeinde Riedering, 47.8367058, 12.2082876
ZEAG AG, 49.1431997, 9.2177398
Holz Hauff, 49.1501657, 9.1288865
SWM, 48.1808335, 11.5084109
SWM, 48.1815324, 11.5212798
Stadtwerke München, 48.0772433, 11.5260691
N-Ergie, 49.4607110, 11.0924672
WVV, 49.7931765, 9.9277581
uniper, 47.6305854, 11.3396209
bike energy, 49.0352116, 11.4736600
Smatrics, 47.8266278, 11.8985099
RWE Autostrom, 50.8994264, 10.8811916
Werra Energy, 50.8274904, 10.0208221
Stadt Senden (Bayern), 48.3237393, 10.0503626
Stadtwerke München, 48.1495042, 11.5787827
Radstätte, 50.9049705, 9.2324877
Gemeinde Warthausen, 48.1293672, 9.7974437
Stadtwerke Ebermannstadt, 49.8037184, 11.2589874
Werraenergie GmbH, 50.7232893, 10.4474840
SWM, 48.1633772, 11.4363478
Hotel Der Stubaierhof, 47.1132813, 11.3109549
Aldi Süd, 48.2147811, 11.5428295
N-Ergie, 49.4283607, 11.0659200
Stadtwerke München, 47.8294151, 11.7643203
Ovag, 50.7135306, 9.2176969
Radstätte, 50.7166436, 9.8990750
ovag Energie AG, 50.6767205, 9.5630619
Tank  Rast, 50.4057646, 11.7727181
eon / Bayernwerk, 48.4112516, 11.4680830
eon / Bayernwerk, 48.4150548, 11.4712430
EnBw, 47.8340641, 12.4029230
Stadtwerke München, 48.1694698, 11.5777879
Gemeinde Kirchheim, 48.1766625, 11.7542533
EnBW, 47.8930268, 11.7300060
Gemeindewerke Cadolzburg, 49.4587785, 10.8520272
Stadtwerke München, 48.1821159, 11.5822043
Emma Stadtwerk am See, 47.7692313, 9.1638713
Ovag, 50.6260108, 9.4517671
bayernwerk, 47.8509343, 12.7848465
Stadtwerke Bad Saulgau, 48.0164964, 9.4858853
E-Bike / Stadt Bad Buchau, 48.0653707, 9.6097946
E-Car / Stadt Bad Buchau, 48.0653947, 9.6095243
E-Bike / Stadt Bad Buchau, 48.0658516, 9.6097265
E-Car / Stadt Bad Buchnau, 48.0659813, 9.6100825
E-Bob, 47.2472133, 12.1178519
SMATRICS, 47.2736552, 11.4738199
innogy, 49.0414464, 11.3537406
Ovag, 50.5044542, 9.1268700
Ovag, 50.7007593, 9.3145300
innogy, 50.7597981, 9.3579268
Ovag, 50.5191374, 9.3173463
Ovag, 50.5105316, 9.2261432
ecotab, 47.9940918, 9.1133452
Stadtwerke Lauterbach, 50.6367087, 9.3942024
bike energy Ladestation, 49.4588040, 10.8510085
Hotel Fuchsbräu, 49.0340641, 11.4731246
HEWA GmbH, 49.5099018, 11.4251462
Stadt Dingolfing, 48.6302352, 12.4946796
Emma/Stadtwerk am See, 47.7690127, 9.1619133
Stadtwerk am See, 47.7684838, 9.1552176
LEW, 48.1610489, 10.1133218
LEW, 48.1610458, 10.1132743
Daimler AG, 48.7550473, 9.2654940
REWAG, 49.0196447, 12.0897924
HHN, 49.1232528, 9.2098688
EnBW, 48.7202898, 9.1297304
Ladenetz, Stadtwerke Ingolstadt, 48.7607755, 11.4213478
Schaeffler, 50.0431012, 10.2115989
Technische Betriebe Glarus Nord, 47.1082959, 9.0652006
Technische Betriebe Glarus Nord, 47.0994421, 9.0634362
Weyerhof, 47.2602178, 12.3200713
N-Ergie, 49.4717670, 11.1023974
Rothmoser, 48.0444642, 11.9645817
OVAG, 50.6470012, 9.0312204
Stadtwerke Weimar, 50.9850697, 11.3173510
Energiegenossenschaft Ilmtal eG, 50.9871226, 11.3328326
Kaufland, 49.4351058, 10.9676990
Kaufland, 48.1864115, 11.3860562
BMW i, 48.8072856, 9.1932137
Stadtwerke München, 48.1436916, 11.5545816
Stadtwerke München, 48.1435922, 11.5545404
Stadtwerke München, 48.1429801, 11.5563764
Stadtwerke München, 48.1430371, 11.5564053
Stadtwerke München, 48.1429240, 11.5563488
Kaufland, 48.8405189, 9.2293053
Lech Elektrizitätswerke Augsburg, 48.1983990, 10.8538946
Digital Energy Solutions GmbH  Co. KG, 48.3474747, 11.7460722
chargeIT mobility, 48.3376908, 11.8390699
chargeIT mobility, 48.3031799, 11.8457201
Autohaus Christl  Schowalter, 48.3963479, 11.7707209
innogy CPO, 48.3372850, 11.6081618
Gemeinde Allershausen, 48.4304816, 11.5974665
Allego, 48.4841083, 12.0057289
E.ON, 48.5029408, 12.0994260
E.ON, 48.4044981, 11.9884903
ecotab, 47.9943071, 9.1112734
SÜC, 50.2531400, 10.6835228
EnBW, 48.7478777, 9.3939207
TEAG, 50.8784919, 10.9732005
Bayernwerk, 49.9455194, 11.5767433
LIDL, 48.1446575, 11.4895894
smart, 48.9220125, 9.1669859
Edeka, 48.7908563, 11.3781977
Säntis Energie, 47.2953846, 9.0941309
Fairhotel, 50.8780853, 11.6413115
SWM, 48.1808540, 11.5084450
Heldele GmbH, 48.7102836, 9.6162678
TIWAG, 47.3317000, 11.1991111
Innogy, 48.8926472, 9.1731238
Innogy, 48.8926954, 9.1709953
Café Köpfle, 49.4302372, 9.4218858
Landratsamt Eichstätt, 48.8075355, 11.4704308
Markt Sulzbach, 49.9079971, 9.1511092
Die Welle, 50.6278296, 9.3920973
Aldi, 50.5540414, 9.7125032
Ladeverbundplus Ladestation, 49.5839450, 10.6103818
chargeIT mobility Charging Station, 49.5729092, 10.6099439
chargeIT mobility Charging Station, 49.5547840, 10.7118305
Spielberghaus, 47.4163227, 12.6200787
bike-energy Ladestation, 47.1967855, 12.9749628
bike-energy Ladestation, 47.1837499, 12.9366701
bike-energy Ladestation, 47.4031943, 12.8878727
bike-energy Ladestation, 47.3900564, 12.9852041
bike-energy Ladestation, 47.4277402, 12.8457234
bike-energy Ladestation, 47.4067396, 12.9034551
bike-energy Ladestation, 48.4982232, 9.1818759
bike-energy Ladestation, 47.4443739, 12.3956335
bike-energy Ladestation, 47.4260065, 9.6593713
Allianz Deutschland, 48.1890339, 11.6522243
bike-energy Ladestation, 47.4210601, 12.8570472
bike-energy Ladestation, 47.4813405, 12.8328990
bike-energy Ladestation, 47.4275179, 12.8485135
bike-energy Ladestation, 47.4398287, 12.7571887
bike-energy Ladestation, 47.4396877, 12.7617140
bike-energy Ladestation, 50.3791096, 10.2570743
bike-energy, 49.2725215, 10.6821396
E.ON, 50.2684397, 11.8471974
bike-energy Ladestation, 49.3550126, 11.1416497
bike-energy Ladestation, 50.7183034, 12.4966562
WVV, 49.7904909, 10.0260678
E-Bike Ladestation, 49.0374235, 9.1505834
bike-energy Ladestation, 47.4766646, 12.5442280
bike-energy Ladestation, 50.9533188, 11.2222826
bike-energy Ladestation, 48.1932342, 11.6588840
bike-energy Ladestation, 50.9040769, 10.4488568
Landhotel Schafhuber, 47.4067005, 12.9740684
Hotel Niederreiter, 47.4070920, 12.9061291
Jufenalm, 47.3968701, 12.9415219
bike-energy Ladestation, 47.3736162, 12.9930402
Würzburger Versorgungs- und Verkehrs-GmbH, 49.7871696, 10.0312237
bike-energy Ladestation, 49.5202477, 11.2809303
bike-energy Ladestation, 49.4540417, 12.1810183
EnBW, 48.7457664, 9.2085296
bike-energy Ladestation, 49.4948984, 10.7909629
Stadtwerke Bad Aibling, 47.8576937, 12.0037450
Stadtgemeinde Zell am See, 47.3231416, 12.7970035
Stadtgemeinde Zell am See, 47.3115904, 12.7967370
Stadtgemeinde Zell am See, 47.3291612, 12.8116007
E-Wald, 48.9984108, 12.8201115
Stadt Riedenburg, 48.9622171, 11.6832397
Turbina Energy AG, 48.0561358, 11.6105236
Energieteam sbw GmbH, 49.7581203, 9.9702557
Vorarlberger Kraftwerke AG, 47.4881722, 9.7368181
Wedeko GmbH - die Digital Signage Experten, 48.3285519, 9.8949486
Meusburger Georg GmbH  Co KG, 47.4525299, 9.7455935
Offsetdruckerei Schwarzach GmbH, 47.4406182, 9.7613085
Restaurant Bootshaus Sigmaringen, 48.0883278, 9.2096799
Gasthaus Mühle Dietfurt, 48.0785536, 9.1400692
Ladestation für Fahrräder an der Aussenfassade., 47.6747610, 9.0176658
Tourist-Information Oberstaufen, 47.5542337, 10.0206510
Tour de Suisse Rad AG, 47.6464689, 9.1852144
Radl-Stadl MM-Dickenreishausen, 47.9528182, 10.1670280
EDEKA Töging, 48.2620449, 12.5800882
Stadtwerke Uffenheim, 49.5458600, 10.2322817
Stadtwerke Röthenbach a. d. Pegnitz GmbH, 49.4873253, 11.2442038
Aueralm, 47.4101953, 12.9902070
Ladeverbund+, 49.3975272, 11.0180189
Hotel Restaurant Rhodannenberg AG, 47.0361817, 9.0049793
WOM Medien GmbH, 48.8498917, 12.9818577
Elektrizitätswerke der Ortsgemeinde Murg, 47.0929166, 9.2807303
has.to.be GmbH, 48.2565530, 12.5454486
Weiss GmbH Kompetent bei Holz, 47.2982363, 12.7892553
ARRI AG, 48.1531353, 11.5777298
Biomichl - Ihr Bio Supermarkt, 47.8410535, 11.1452280
Hecherhaus, 47.3211634, 11.7421718
Filzalm, 47.4629065, 12.2211854
Kreiswerke Main-Kinzig, 50.1645881, 9.0944970
Stadt Geretsried, 47.8742458, 11.4650150
Stadtwerke Bamberg, 49.8948089, 10.8887815
Stadtwerke Bamberg, 49.8961437, 10.8838892
Krimmler Tauernhaus, 47.1390806, 12.1910370
Schulen am See, 47.4885920, 9.6822765
Baumhaus der Biergarten, 49.5478403, 10.6622610
Gasthaus zum Adler Cafe Augenblicke, 48.0426581, 9.0165688
EnBW, 47.6952307, 10.0403478
Juget-Alpe, 47.5872932, 10.1551869
Stadtwerke München, 48.1555935, 11.4143155
Freizeitbad aquariUSH, 48.2682908, 11.5833767
Tourist- Information Weikersheim, 49.4808617, 9.8980692
Stadtwerke München, 48.1608645, 11.5804355
Kreiswerke Main-Kinzig, 50.2004444, 9.1987858
VWEW, 48.0478328, 10.4924733
VWEW, 48.0477969, 10.4925417
Bike Energy, 49.0346119, 11.4745625
Sylvester Sedlmeier, 49.0377403, 11.4524408
Ladestation Klostermaier, 47.9532932, 11.4377464
EnBW, 48.5784752, 9.8748954
Ovag, 50.5687266, 9.3455109
Stadtwerke Bad Hersfeld, 50.8683229, 9.7049547
Stadtwerke Bad Hersfeld, 50.8682341, 9.7061681
Gespa Energy, 50.8346074, 9.7235100
Stadtwerke München, 48.1169567, 11.5414735
Stadtwerke München, 48.1169200, 11.5414789
Stadtwerke Meiningen, 50.5720954, 10.4159492
Stadtwerke Meiningen, 50.5743942, 10.4138371
Stadtwerke Meiningen, 50.5925618, 10.4243513
da emobil GmbH, 47.2708929, 11.4281700
LEW, 48.1562102, 10.8362362
eBike Ladestation, 49.8968535, 12.0380855
eBike Ladestation, 48.1369011, 11.2109921
Salzburg AG, 47.3221084, 12.7986770
Salzburg AG, 47.3229481, 12.7975130
Rhönenergie Fulda, 50.5532945, 9.6789403
Rhönenergie Fulda, 50.5532370, 9.6788283
Kaufland, 49.5933047, 11.0262343
Stadtwerke Weiden, 49.6872231, 12.1634182
ENBW, 48.4911330, 9.3975992
Tesla, 48.0631158, 11.1983577
Bachschmied-Kaser, 47.7691485, 12.5707112
Energieversorgung Gera GmbH, 50.8850880, 12.1362808
N-Ergie, 49.7569279, 10.9765957
Stadtwerke Neuburg, 48.7276648, 11.1776558
SWM Stadtwerke München GmbH, 48.1610706, 11.4675749
SWM, 48.1831460, 11.6082000
SWM, 48.1831174, 11.6082885
SWM, 48.1723247, 11.5968097
SWM, 48.1491496, 11.5359765
SWM, 48.1491371, 11.5358478
SWU, 48.4223391, 9.9468612
SWU, 48.4223146, 9.9467907
Aldi Stromtankstelle, 49.2594314, 10.2418858
VLOTTE, 47.3514536, 9.8822890
VLOTTE, 47.3514124, 9.8821827
VLOTTE, 47.3514346, 9.8822387
Stadtwerke München, 48.0821439, 11.5061886
Stadtwerke München, 48.0958387, 11.5376883
Stadtwerke München, 48.1000551, 11.5396602
Stadtwerke München, 48.1127501, 11.5236630
Stadtwerke München, 48.1128062, 11.5236566
Stadtwerke München, 48.1202472, 11.5227707
Stadtwerke München, 48.1202493, 11.5231716
Stadtwerke München, 48.1106688, 11.5262444
Stadtwerke München, 48.1106195, 11.5262430
Stadtwerke München, 48.1173153, 11.5380684
Stadtwerke München, 48.1173806, 11.5380671
Stadtwerke München, 48.1179261, 11.5143442
Stadtwerke München, 48.1178703, 11.5143412
Stadtwerke München, 48.1091915, 11.4773969
Stadtwerke München, 48.1092848, 11.4773945
Stadtwerke München, 48.1175833, 11.4949793
Stadtwerke München, 48.1257431, 11.4773105
Stadtwerke München, 48.1257511, 11.4774343
Stadtwerke München, 48.1296479, 11.4784078
Stadtwerke München, 48.1516777, 11.5095773
Stadtwerke München, 48.1517046, 11.5096953
Stadtwerke München, 48.1529429, 11.5115862
Stadtwerke München, 48.1529393, 11.5117257
Stadtwerke München, 48.1375260, 11.5177793
Stadtwerke München, 48.1375269, 11.5178611
Stadtwerke München, 48.1315342, 11.5125344
Stadtwerke München, 48.1315625, 11.5126093
Stadtwerke München, 48.1269507, 11.5024091
Stadtwerke München, 48.1269542, 11.5023335
Stadtwerke München, 48.1311793, 11.4999002
Stadtwerke München, 48.1311504, 11.4998923
Stadtwerke München, 48.1322817, 11.4944431
Stadtwerke München, 48.1322693, 11.4945489
Stadtwerke München, 48.1425729, 11.4819981
Stadtwerke München, 48.1415334, 11.4862932
Stadtwerke München, 48.1488485, 11.4342234
Stadtwerke München, 48.1552674, 11.4275674
Stadtwerke München, 48.1464371, 11.4128674
Stadtwerke München, 48.1474977, 11.4195210
Stadtwerke München, 48.1429276, 11.4231968
Stadtwerke München, 48.1392003, 11.4109706
Stadtwerke München, 48.1843239, 11.5366712
Stadtwerke München, 48.1841496, 11.4963451
Stadtwerke München, 48.1841496, 11.4964222
Stadtwerke München, 48.1597594, 11.4457155
Stadtwerke München, 48.1597065, 11.4456406
Stadtwerke München, 48.1499300, 11.4715380
Stadtwerke München, 48.1498009, 11.4715287
Stadtwerke München, 48.1692160, 11.4646079
Stadtwerke München, 48.1691327, 11.4646027
Stadtwerke München, 48.1555945, 11.5126867
Stadtwerke München, 48.1556010, 11.5128453
Stadtwerke München, 48.1470054, 11.5025201
Stadtwerke München, 48.1469049, 11.5025023
Stadtwerke München, 48.1466104, 11.5182523
Stadtwerke München, 48.1466121, 11.5181849
Stadtwerke München, 48.1521739, 11.5606837
Stadtwerke München, 48.1521533, 11.5607763
Stadtwerke München, 48.1562948, 11.5604329
Stadtwerke München, 48.1489105, 11.5457867
Stadtwerke München, 48.1472288, 11.5434517
Stadtwerke München, 48.1472667, 11.5433760
Stadtwerke München, 48.1513026, 11.5449424
Stadtwerke München, 48.1541323, 11.5414223
Stadtwerke München, 48.1542323, 11.5413093
Stadtwerke München, 48.1569815, 11.5395268
Stadtwerke München, 48.1569563, 11.5394804
Stadtwerke München, 48.1598205, 11.5404039
Stadtwerke München, 48.1599036, 11.5403933
Stadtwerke München, 48.1615395, 11.5411769
Stadtwerke München, 48.1614737, 11.5412862
Stadtwerke München, 48.1617045, 11.5620624
Stadtwerke München, 48.1617993, 11.5620838
Stadtwerke München, 48.1672650, 11.5562668
Stadtwerke München, 48.1671854, 11.5562950
Stadtwerke München, 48.1824485, 11.5665400
Stadtwerke München, 48.1824416, 11.5663870
Stadtwerke München, 48.1830125, 11.5532398
Stadtwerke München, 48.2138707, 11.5398438
Stadtwerke München, 48.1807857, 11.5935804
Stadtwerke München, 48.1808258, 11.5934927
Stadtwerke München, 48.1869662, 11.5929906
Stadtwerke München, 48.1869525, 11.5779863
Stadtwerke München, 48.1820835, 11.5822851
Stadtwerke München, 48.1821443, 11.5821114
Stadtwerke München, 48.1666672, 11.5787568
Stadtwerke München, 48.1666377, 11.5788252
Stadtwerke München, 48.1729934, 11.5746946
Stadtwerke München, 48.1731365, 11.5746678
Stadtwerke München, 48.1735542, 11.5824368
Stadtwerke München, 48.1735631, 11.5825642
Stadtwerke München, 48.1659968, 11.5918932
Stadtwerke München, 48.1660621, 11.5919603
Stadtwerke München, 48.1631696, 11.5904436
Stadtwerke München, 48.1631699, 11.5865720
Stadtwerke München, 48.1635543, 11.5837450
Stadtwerke München, 48.1635634, 11.5836827
Stadtwerke München, 48.1607945, 11.5804273
Stadtwerke München, 48.1625452, 11.5761556
Stadtwerke München, 48.1625569, 11.5762918
Stadtwerke München, 48.1605341, 11.5719033
Stadtwerke München, 48.1605157, 11.5720323
Stadtwerke München, 48.1568143, 11.5676269
Stadtwerke München, 48.1568132, 11.5677593
Stadtwerke München, 48.1590912, 11.5759854
Stadtwerke München, 48.1590808, 11.5761057
Stadtwerke München, 48.1553678, 11.5886047
Stadtwerke München, 48.1552703, 11.5885651
Stadtwerke München, 48.1517855, 11.5794881
Stadtwerke München, 48.1507897, 11.5652330
Stadtwerke München, 48.1485334, 11.5655130
Stadtwerke München, 48.1421462, 11.5659715
Stadtwerke München, 48.1421388, 11.5660928
Stadtwerke München, 48.1420984, 11.5731560
Stadtwerke München, 48.1420785, 11.5731810
Stadtwerke München, 48.1430812, 11.5870382
Stadtwerke München, 48.1430229, 11.5869433
Stadtwerke München, 48.1393152, 11.5875209
Stadtwerke München, 48.1401429, 11.5935371
Stadtwerke München, 48.1400857, 11.5935001
Stadtwerke München, 48.1441032, 11.5930172
Stadtwerke München, 48.1441422, 11.5928676
Stadtwerke München, 48.1393564, 11.5282427
Stadtwerke München, 48.1392725, 11.5282670
Stadtwerke München, 48.1341643, 11.5322551
Stadtwerke München, 48.1342276, 11.5321691
Stadtwerke München, 48.1263291, 11.5668324
Stadtwerke München, 48.1261763, 11.5699761
Stadtwerke München, 48.1261075, 11.5700267
Stadtwerke München, 48.1252707, 11.5842335
Stadtwerke München, 48.1251977, 11.5841743
Stadtwerke München, 48.1285722, 11.5857127
Stadtwerke München, 48.1286178, 11.5857916
Stadtwerke München, 48.1320990, 11.5934253
Stadtwerke München, 48.1229597, 11.5756608
Stadtwerke München, 48.1230185, 11.5757564
Stadtwerke München, 48.1585632, 11.6426231
Stadtwerke München, 48.1393645, 11.6047685
Stadtwerke München, 48.1521199, 11.6180294
Stadtwerke München, 48.1603177, 11.6185541
Stadtwerke München, 48.1648940, 11.6292510
Stadtwerke München, 48.1724457, 11.6356003
Stadtwerke München, 48.1724237, 11.6356885
Stadtwerke München, 48.1312732, 11.6970268
Stadtwerke München, 48.1219393, 11.6010416
Stadtwerke München, 48.1215411, 11.6619956
Stadtwerke München, 48.1213926, 11.6715335
SWU, 48.3024939, 9.9797924
zev, 50.7231465, 12.4874494
LEW, 47.8081558, 10.8777393
LEW - DC Ladesäule, 47.7020887, 10.8619238
LEW, 48.4237221, 10.7189535
Direkt Holidays GmbH, 47.2469692, 12.1178330
Direkt Holidays GmbH, 47.2503386, 12.1239768
eins energie in sachsen, 50.8319521, 12.8738740
DAV Sektion Allgäu-Kempten, 47.7198777, 10.2898799
newmotion, 47.8449647, 12.1487744
Heidenheimer Brenzregion, 48.5848014, 10.2078899
Ladestation Schöffengrund, 50.6711171, 10.9748883
EnBW, 48.7710104, 9.1448021
Ovag, 50.6936704, 9.0549311
Tesla Destination Charger, 47.4153711, 11.2101161
Tesla, 47.1309337, 10.2671264
Tesla Supercharger, 47.1300948, 10.2692803
Aldi, 49.5223106, 11.0070957
SWM, 48.1603812, 11.5854335
SWM, 48.1603560, 11.5855839
Ahorn, 50.7126779, 10.7226612
EON_Netz, 48.8074994, 11.4702166
Stadtwerke Amberg, 49.5271493, 11.6241603
Stadtwerke Olching GmbH, 48.2107981, 11.3336862
Stadtwerke Olching GmbH, 48.2108148, 11.3337099
LEW, 48.4280486, 10.2964083
Stadt Schweinfurt, 50.0404993, 10.2402533
REWAG, 49.0178785, 12.1097191
N-ERGIE, 49.4389737, 11.0806238
ionity ABB, 47.0117077, 9.5125223
Ladeverbund+, 49.9451592, 11.5681884
fast E, 49.9578067, 11.6018085
Tesla, 47.3922676, 12.6373807
Restaurant Bootshaus Sigmaringen, 48.0880470, 9.2095484
Mc Donalds, 48.0878807, 11.5039681
BMW, 47.5257193, 10.8433001
TIWAG, 47.2143509, 10.7001476
TIWAG, 47.0110902, 10.2883501
Volksbank, Raiffeisenbank Dingolfing, 48.5461742, 12.5257326
Ovag, 50.3265722, 9.0100738
EnBW, 48.4987834, 10.0290826
NEW Solarenergie, 49.7159127, 12.1642631
Gemeinde Röttenbach, 49.6682433, 10.9262743
Gemeinde Röttenbach, 49.6679690, 10.9271862
Eins, 50.8375220, 12.8811878
NOC, 49.6748960, 12.1589358
Stadtwerk tauberfranken, 49.4900444, 9.7720603
EnBW, 49.4286033, 9.4238575
Wallbox, 47.9092645, 10.5753472
Stadtwerke Mosbach, 49.4169416, 9.2794065
Stadt Trochtelfingen, 48.2861446, 9.2151983
HPE GmbH, 48.5365841, 12.9475444
EnBW, 48.8518924, 10.4886499
EVAG, 50.9111135, 10.9138116
Stadt Bad Königshofen, 50.3024620, 10.4767432
EVF, 48.7006455, 9.6521980
EVF, 48.7007100, 9.6522167
EVF, 48.7006773, 9.6522118
TEAG, 50.9163792, 11.8602683
LEW, 48.2451502, 10.3667325
Rewag, 49.0303284, 12.1287285
Rewag, 49.0303284, 12.1286775
Rewag, 49.0304717, 12.1300803
WVV, 49.8564101, 9.9575226
Lidl, 49.4542311, 12.4105677
ÜZW, Markt Essenbach, 48.6121809, 12.2165460
Leutascher Hof, 47.3694259, 11.1628695
eins, 50.8208261, 12.9032757
netto, 49.9011386, 10.3419468
Überlandwerke Erding, 48.3445534, 12.1285989
Überlandwerke Erding, 48.3347156, 12.1410460
Landkreis Schweinfurt, 50.0416241, 10.2278396
Lechwerke AG, 48.1470636, 10.8057701
Ohra Energie Gmbh, 50.9518424, 10.3946455
Stadtwerke Bamberg, 49.9027951, 10.9066504
EGG Energieversorgung Gera, 50.8594081, 12.0761404
ZEAG Energie AG, 49.1549888, 9.2154640
Kaufland, 49.1382394, 9.0646662
Tesla, 49.7608130, 11.4104588
Kaufland, 49.1724287, 9.2218919
Überlandwerk Erding, 48.2947386, 11.8945148
Regional Werke Bamberg, 50.0314102, 10.9743059
N-ERGIE, 49.4317081, 11.0870820
Bayernwerk, 50.1984742, 9.9619045
Überlandwerke Erding GmbH, 48.3088693, 11.9064081
https://www.mainradweg.com/poi/fahrradgarage_kulmbach-15336/, 50.1088312, 11.4578030
Stadtwerke Bad Windsheim, 49.5008562, 10.4147936
Ladestation für Fahrräder, 48.9551718, 10.9105640
EnBw, 49.6068836, 9.4694450
EnBW, 48.6867849, 9.0134777
rwe, 52.4354492, 7.0748511
swb, 53.0795464, 8.8031324
e-laad.nl, 51.4198179, 5.2898466
e-laad, 51.9898608, 5.8172950
BEW, 51.1166588, 7.3976694
BEW, 51.1504431, 7.3412166
BEW, 51.1512141, 7.3436809
RWE, 51.4493275, 7.0088920
Stadtwerke Düsseldorf, 51.1529986, 6.8874581
EWE, 53.5765547, 8.2498410
eon Westfalen Weser, 51.7836134, 8.8217245
Monheimer Elektrizitäts- und Gasversorgung, 51.1036867, 6.8887852
Monheimer Elektrizitäts- und Gasversorgung, 51.1037299, 6.8878570
e-laad, 52.6527341, 5.0850474
Stadtwerke Hilden, 51.1672852, 6.9336228
E-laad, 51.5124257, 5.3955452
E-laad, 51.5065993, 5.4104701
Westfalen / RWE, 51.4683963, 7.2709404
Blum, 51.1810517, 6.8548152
EWR, 51.1519988, 7.2638323
RWE, 51.4626608, 6.9619302
RWE, 51.2369125, 6.8257810
Stadtwerke Duisburg, 51.4348034, 6.7693021
ev-charging, 52.0232949, 5.1440154
RWE, 52.2737855, 8.0555318
e-laad.nl, 52.0263532, 5.1392743
evd, 51.0931278, 6.8198962
Laadpunt electrische auto, 51.4279607, 5.4643299
E-Bike Ladestation, 51.2839206, 7.2914694
E-Bike Ladestation, 51.2885749, 7.3023564
E-Bike Ladestation, 51.2847398, 7.2923056
E-Bike Ladestation, 51.2843616, 7.2947476
E-Bike Ladestation, 51.2861323, 7.2986261
E-Bike Ladestation, 51.2848942, 7.2967821
E-Bike Ladestation, 51.2831663, 7.2887837
E-Bike Ladestation, 51.2847785, 7.2964066
E-Bike Ladestation, 51.2919966, 7.2998693
RWE, 52.0848640, 7.4802462
BEW, 51.8345604, 6.4617869
E-Bike Ladestation, 51.8147205, 6.4528641
Stadtwerke Bochum GmbH, 51.4814245, 7.2241759
Stadtwerke Bochum GmbH, 51.4814284, 7.2241428
Stadtwerke Emmerich, 51.8362774, 6.2480582
RWE, 51.8073853, 8.4329353
E-Bike-Ladestation, 51.9415480, 7.4417945
Stadtwerke Nettetal, 51.3113334, 6.2527474
Oplaadpunt auto (2x), 51.9736861, 5.3466859
Charger electric car, 52.1177050, 5.0387810
RWE, 51.5165943, 7.4572578
Stichting E-laad, 51.9163696, 5.8447525
RWE, 51.2200245, 6.8180694
Renault, 51.2202201, 6.8182314
BMWi, 51.7295876, 8.7640811
Mennekes, 51.4590876, 7.0378703
EVO, 51.5157742, 6.8512053
E-Tankstelle Hofnagel+Bade GmbH, 51.3819325, 7.5106616
Mu Cafe, 51.8635341, 6.2803785
EWE, 53.2319224, 7.4590680
Stadtwerke Gmhütte, 52.2057617, 8.0665943
RWE, 51.5828217, 7.2123398
SWB, 53.0917758, 8.7724081
Tesla Motors Inc., 52.3625391, 7.2686097
Tesla Motors Inc., 51.5702560, 7.6751506
RWE, 51.6567680, 6.9472715
RWE, 51.6702310, 6.9691946
RWE, 51.6586703, 6.9662371
SWB, 53.0534272, 8.7858812
Avacon, 52.8017247, 8.9741258
RWE, 51.4586365, 7.0589519
evd, 51.0998164, 6.8173284
Volksbank Schlangen, 51.8088208, 8.8438526
Stadtwerke Düsseldorf, 51.1938440, 6.8129154
EWR GmbH, 51.1925659, 7.2569243
RWE, 51.9266981, 7.8465772
Stadtwerke Düsseldorf, 51.2256870, 6.7706664
E-Bike Ladestation, 51.7052933, 8.7222664
VW Wicke, 51.4228975, 7.1644785
Elektrizitätsversorgung Werther GmbH, 52.0487404, 8.4157563
Emscher Lippe Energie GmbH, 51.5731123, 6.9709593
Stadtwerke Unna, 51.5383480, 7.6936109
RWE, 51.6551546, 6.6275145
Standwerke Wesel, 51.6568660, 6.6229177
Stadtwerke Wesel, 51.6575987, 6.6166231
MBO Utrecht, 52.0642752, 5.1008553
RWE, 51.6749039, 6.6267643
Café Kälberstall, 51.3925792, 6.3254746
EWE, 53.1113533, 8.2090800
Stadtwerke Wesel, 51.6565305, 6.6119411
Fahrradstation Gleis 31, 51.6570946, 6.6262941
Terberg Telecom, 52.0173770, 5.0529473
Terberg Telecom, 52.0173881, 5.0528985
Terberg Telecom, 52.0167551, 5.0525840
Terberg Telecom, 52.0167589, 5.0525980
Terberg Telecom, 52.0167673, 5.0525731
Terberg Telecom, 52.0167723, 5.0525876
RWE, 51.7680630, 6.8382203
RWE, 51.6667260, 6.6092484
Stadtwerke Wesel, 51.6595921, 6.6112771
Stadt Bersenbrück, 52.5552404, 7.9471303
RWE, 51.7880486, 6.5437902
Green Flux, 53.3838309, 5.2836319
Green Flux, 53.3638197, 5.2156186
Green Flux, 53.3616090, 5.2175166
Green Flux, 53.3968574, 5.3432639
Green Flux, 53.3888480, 5.3034648
Green Flux, 53.3755240, 5.2766743
RWE, 51.6003571, 8.8029997
Ecotap, 51.1926796, 5.7215287
innogy, 51.5095733, 7.2552804
Sparta ION, 53.4073897, 6.2007355
STOAG, 51.5109792, 6.8447686
STOAG, 51.5160020, 6.8424839
RWE, 51.6211756, 8.8871874
VW Wicke, 51.4229408, 7.1649790
VW Wicke, 51.4229558, 7.1650162
Stadtwerke Düsseldorf, 51.2176874, 6.7827363
Stadtwerke Düsseldorf, 51.2180413, 6.7823688
BEW, 51.8340595, 6.6162666
BEW, 51.8345902, 6.6161031
EMiLippe, 51.9980983, 8.5753185
Die Brücke gGmbH, 52.4240868, 7.9738461
Volksbank Beckum Lippstadt, 51.7541385, 8.0391016
Ladestation Marktplatz, 52.0063780, 8.4168880
moBiel GmbH, 52.0053393, 8.5594177
E-Bike, 51.7033314, 6.4162182
De Uitspanning, 51.8564944, 5.0524517
Taveerne, 51.8769454, 5.1202884
Stadtwerke Hamm GmbH Verkehr, 51.6815689, 7.8434376
RWE, 51.8973442, 8.3549551
Fietsaccu oplaadpunt, 53.2440302, 5.6439719
LGI de Hunxe, 51.6326965, 6.6923216
Stadtwerke Hamm GmbH Verkehr, 51.6835062, 7.8835392
EWE, 53.5018860, 7.0916788
allego, 53.2330815, 6.5598997
Opel Rüschkamp, 51.6557800, 7.6275122
RWE, 52.5293668, 8.3098814
RWE, 51.5481335, 7.3809345
RWE, 51.4887477, 7.0625134
Lidl, 52.9450499, 5.9362937
EWE, 52.8520000, 7.6767482
Skoda, 51.4867474, 7.1926316
RWE, 51.8341392, 6.4641354
Chargepoint, 52.1973075, 5.9450525
RWE eMobility, 51.4994472, 7.4733127
RWE eMobility, 51.4951596, 7.2845316
Ruhrpark Bochum, 51.4956779, 7.2773170
Renault Boden, 51.4717266, 7.0528410
Umspannwerk Recklinghausen, 51.5611402, 7.2091173
BEW, 51.1183983, 7.3889684
Tesla Motors Inc., 52.6576813, 8.1692716
Freizeitbad Eau Le, 52.0248203, 8.9119789
innogy eMobility Station, 52.2892546, 8.5450134
EWE VERTRIEB GmbH, 52.7877740, 8.4306318
Stadtwerke Arnsberg, 51.4400697, 7.9718034
ELE, 51.5242003, 6.9259521
Stadtwerke Düsseldorf, 51.2156060, 6.7620839
Innogy, 51.6616491, 6.4521094
Restaurant Willicher Hof, 51.2680607, 6.5353621
Reitstall Charlottenhof, 51.2703163, 6.5596160
Gästehaus Räck, 51.2673825, 6.5541544
GILDEMEISTER Energy Solutions, 51.9280997, 8.5980745
GILDEMEISTER Energy Solutions, 51.9311935, 8.5961945
GILDEMEISTER Energy Solutions, 51.9311241, 8.5957793
ATP, 53.0467457, 7.5117345
Stadtwerke EVB Huntetal, 52.5451090, 8.5966757
Stadtwerke Düsseldorf, 51.2454296, 6.7694346
Stadtwerke Düsseldorf, 51.2181168, 6.7623869
Haus Villigst, 51.4393429, 7.5954063
EWE, 53.1743850, 8.0598537
Fahrrad Ladestation, 52.1081503, 8.1005447
Sparkasse, 51.4046737, 6.8750573
EWE, 53.3936362, 8.0136125
swb, 53.0831178, 8.8121282
swb, 53.0786055, 8.8094848
swb, 53.0824927, 8.7868118
swb, 53.0765374, 8.8444595
Stadtwerke Iserlohn - Heimatversorger, 51.3637239, 7.6183336
Stadtwerke Iserlohn - Heimatversorger, 51.3729936, 7.6912715
Stadtwerke Iserlohn - Heimatversorger, 51.3730037, 7.6912381
Stadtwerke Iserlohn - Heimatversorger, 51.3782302, 7.6945797
Stadtwerke Iserlohn - Heimatversorger, 51.3782407, 7.6945629
Stadtwerke Iserlohn - Heimatversorger, 51.3783938, 7.6942760
Stadtwerke Iserlohn - Heimatversorger, 51.3784048, 7.6942853
Stadtwerke Iserlohn - Heimatversorger, 51.3788823, 7.6945725
Stadtwerke Iserlohn - Heimatversorger, 51.3788922, 7.6945356
Stadtwerke Iserlohn - Heimatversorger, 51.3788966, 7.6945163
Stadtwerke Iserlohn - Heimatversorger, 51.3789075, 7.6944785
Move About GmbH, 53.0849034, 8.8794653
EVBOX, 53.2368099, 6.5197055
EVBOX, 53.2368456, 6.5194977
EVBOX, 53.2368323, 6.5195698
EVBOX, 53.2368228, 6.5196459
EVBOX, 53.2138096, 6.6152984
EVBOX, 53.2138339, 6.6153650
EVBOX, 53.2138585, 6.6154345
EVBOX, 53.2138802, 6.6154913
Stadtwerke Velbert, 51.3533088, 7.0214345
Stadtwerke Velbert, 51.3532962, 7.0213594
Falke, 51.1460091, 8.2809904
Stadtwerke Münster, 51.9686647, 7.6016124
allego, 53.2278303, 6.5575605
evnetnl, 51.5103824, 5.4912122
evnetnl, 51.5189706, 5.5125493
Innogy, 51.8943093, 6.9836400
eneco, 53.1090988, 6.0894807
Stadtwerke, 51.1642883, 6.8525980
RWE, 52.2310874, 7.8768724
Allego, 53.2284887, 6.5493669
FAST-E, 52.2604088, 8.0766998
RWE, 51.9653412, 8.2195152
innogy SE, 51.9613511, 8.2243555
Media Markt, 53.2157657, 6.5861414
ANWB, 52.1440229, 5.4175160
PlugSurfing, 52.1977288, 8.7982496
EWE, 53.6012513, 7.2826080
Samoa, 54.8302599, 8.2864004
ecotap, 53.1662741, 6.3959701
Smoov Allego, 51.2390913, 5.1121628
smoov allego, 51.2686208, 5.0846498
smoov allego, 51.1871757, 5.1213747
ecotap, 53.1869011, 6.3758007
EcoTap, 53.2034296, 6.5549159
New Motion, 53.2195734, 6.5624175
Smoov allego, 51.4103404, 5.0067642
Smoov Allego, 51.4533521, 5.0448379
EV-Box, 52.9824710, 5.9490883
EV-Box, 52.9825239, 5.9493590
EV-Box, 53.1194601, 6.0986775
Allego, 52.3699776, 5.7839606
innogy, 52.3033535, 7.1553347
innogy, 52.3099245, 7.1598864
EV-Box, 52.0883585, 5.2895220
EV-Box (snellader), 52.0883028, 5.2897672
Tesla Motors, 51.6833337, 8.7217782
ChargeNow, 51.2224214, 6.4827141
innogy, 51.6902544, 7.4670929
kanne Lünen Markt, 51.6139739, 7.5227360
Allego, 53.1984436, 6.5596207
Allego, 53.2264278, 6.5514926
Ikea, 53.2169517, 6.5893790
Qbuzz, 53.2365425, 6.5202509
New Motion, 53.2379420, 6.5337884
EcoTap, 53.2009841, 6.5439564
Allego, 53.2286109, 6.5655898
NewMotion, 53.2370559, 6.5396497
NewMotion, 53.2443739, 6.5338607
Witthus-Hammer Fachmarkt, 53.1929729, 8.5549057
EVnet, 53.1645104, 6.3880687
EVnet, 53.3188404, 6.8600362
Nuon, 52.1054326, 5.1007000
innogy Ladestation Hollage, 52.3460983, 7.9757723
New Motion, 53.2245021, 6.5673397
Allego, 52.1823378, 5.4090601
allego, 51.5041240, 6.0213890
PITPOINT CLEAN FUELS, 52.0811773, 5.2288778
E-Bike charging station, 51.9003775, 7.2716974
Döbbe, 51.4423253, 7.0855689
Allego, 53.2183695, 6.5570206
MEGA Monheimer Elektrizität und Gas, 51.0922387, 6.8886617
wallb.e, 51.7402172, 8.8249588
allego, 53.2206443, 6.5562725
allego, 53.2221426, 6.5616192
EVlink, 51.7333441, 8.7879993
EVlink, 51.7332916, 8.7880533
EVlink, 51.7333966, 8.7879454
Wuppertaler Stadtwerke, 51.2723276, 7.2069216
eMotion, 51.9089201, 8.3817999
Stadtwerke Haan, 51.1926444, 7.0106310
GSW, 51.5877275, 7.6617702
Qbuzz, 53.2078718, 6.5432220
Innogy, 51.1953569, 6.5537206
Ista, 51.4249981, 6.9958033
VW Gottfried Schulz, 51.4303836, 6.8391992
GreenFlux, 53.2141150, 6.6052105
GreenFlux, 53.2141537, 6.6051667
GreenFlux, 53.2141905, 6.6051346
wallbe, 51.7268986, 8.7913880
wallbe, 51.7112701, 8.7726916
RWE, 51.4937794, 7.2844171
EWE AG, 53.6255555, 8.8423502
innogy, 52.5237274, 7.3203158
Stadt Fürstenau, 52.5169518, 7.6758978
RheinEnergie, 51.4303969, 6.7995574
ecotap, 53.2509754, 6.5794865
Allego, 53.2281883, 6.5697100
NEW, 51.1968839, 6.4476545
EVnet, 53.1291669, 5.9372001
EVnet, 53.1294873, 5.9368088
eCOEmobil, 51.9315637, 7.3014688
EV-Box, 51.4498924, 5.4945155
EV-Box, 51.4481568, 5.4889488
Hotel Stadt Grevebbroich, 51.0862523, 6.5980371
STEK, 52.1550425, 6.7431888
EWE, 52.6659450, 8.2317118
EWE, 52.6644317, 8.2367229
swb, 53.0699377, 8.8001930
allego, 53.2365067, 6.5617859
Ecotap, 53.2187431, 6.5800662
allego, 53.2278899, 6.5362343
innogy, 51.1998171, 8.5330450
New Motion, 51.9989753, 5.5304921
SWB, 53.5596258, 8.5662174
Allego, 53.1095978, 6.0785957
Stadtwerke Duisburg, 51.4401044, 6.7678303
Oplaadpunt auto (2x), 51.9710051, 5.3157630
Oplaadpunt auto (2x), 51.9709224, 5.3159798
Oplaadpunt auto (2x), 51.9752444, 5.3419801
Oplaadpunt auto (2x), 51.9809759, 5.3378403
Allego, 53.2136249, 6.5702250
BWM-Center Vogelsang, 51.6019678, 7.1818158
Stadtwerke Detmold, 51.9364088, 8.8734578
Oplaadpunt, 52.2208074, 5.1520390
Oplaadpunt, 52.2225399, 5.1571167
Allego, 53.2026114, 5.7907381
E-Bike Ladestation, 51.5816332, 7.3080517
Ecotap, 52.9481615, 5.7785492
Ecotap, 52.8765974, 5.8148832
Enexsis, 51.5360873, 5.1795914
Allfixed, 52.9497527, 6.7451779
Lange, 51.7388233, 8.7697144
Lange, 51.7387236, 8.7696943
Allego, 51.2108553, 5.4224628
Allego, 51.2114359, 5.4240381
Allego, 51.2296138, 5.4328884
Allego, 51.2291507, 5.3052013
Allego, 51.2319053, 5.3087288
Allego, 51.2313994, 5.3110709
Allego, 51.2289733, 5.3155044
Allego, 51.2441254, 5.3063489
innogy, 52.6760183, 7.9573597
EWE, 52.6759060, 7.9461045
Evnet, 51.9662325, 5.6607083
innogy, 52.6815212, 8.8048809
Allego, 53.2226829, 6.5888622
allego, 53.2284626, 6.5762969
Tank  Rast, 52.0718552, 8.6646099
Kreis Warendorf, Der Landrat, 51.9421727, 7.9854834
innogy, 51.4297721, 6.8776621
Stadtwerke Willich, 51.2604080, 6.5462955
Innogy, 51.1981286, 6.4399485
NEW mobil und aktiv Mönchengladbach, 51.2086089, 6.4336781
Innogy, 51.1954560, 6.4238952
NEW mobil und aktiv Mönchengladbach, 51.1947922, 6.4374033
Jürgen, 51.9079370, 8.7281992
NEW, 51.1404759, 6.2761829
Allego, 53.2196190, 6.5460906
wep, 51.0550311, 6.2248603
Stadtwerke Osnabrück, 52.2321575, 8.0206145
NewMotion, 53.2415241, 6.5312184
Holländer Diele, 51.0082824, 7.6248086
Stadtwerke Osnabrück, 52.2708726, 8.0416581
Innogy, 51.5829113, 7.2122147
Stadtwerke Warendorf, 51.9558471, 7.9704960
Webcompanies.nl, 52.1191184, 6.2172438
Webcompanies.nl, 52.1191163, 6.2173102
Webcompanies.nl, 52.1191143, 6.2173766
Allego, 53.0994737, 6.0742984
Mennekes, 51.2211178, 6.8224829
Ecotap, 53.3503846, 5.8655022
Privat, 51.8229826, 6.6238186
Allego, 53.2158794, 6.5754792
Bigge-Energie, 51.0267456, 7.8418530
Evbox, 52.1015170, 6.2796994
EWE, 53.8479067, 8.7255435
allego, 53.8512106, 8.7153265
Allego, 53.2238730, 6.5781345
Radstation Rheine, 52.2760946, 7.4353905
Allego, 51.0665186, 5.0895702
NEW, 51.1290231, 6.4121366
NEW, 51.1340995, 6.4529176
innogy SE, 51.7598718, 6.4009822
Mark-E, 51.3611606, 7.4765238
Innogy, 51.9564073, 7.0021842
wallbe, 51.7011597, 8.7626803
wallbe, 51.7011809, 8.7626662
wallbe, 51.7012020, 8.7626521
Stadtwerke Bochum, 51.5098003, 7.2115698
wallbe, 51.7323268, 8.7847072
RWE, 51.4993415, 7.1082254
Stadtwerke Bochum GmbH, 51.4572482, 7.1767804
Pinpoint, 52.2990466, 5.2351491
Daimler AG, 53.0672157, 8.9117120
EWE, 53.5716635, 7.8996260
Ruhrpark, 51.4933708, 7.2839656
Stadtwerke Kempen, 51.3683496, 6.4255892
Hohe Mark Ost, 51.7721311, 7.1770019
REWE, 51.9539965, 7.6438572
REWE, 51.9540093, 7.6438297
Stadtwerke Kempen, 51.3723778, 6.4339167
Stadtwerke Bochum, 51.4522325, 7.1923542
Westfalen Weser Netz, 51.7477351, 8.7509892
Stadtwerke Kempen, 51.3716598, 6.4394031
Stadtwerke Kempen, 51.3681518, 6.4086932
Stadtwerke Kempen, 51.3641026, 6.4116007
Stadtwerke Kempen, 51.3650065, 6.4236955
NEW, 51.1419228, 6.2762299
NEW, 51.1421918, 6.2760144
innogy, 51.4421574, 7.0289905
Meeuwen Kerkplein Laadpaal, 51.0969663, 5.5212498
Ladestation eAuto, 53.6911740, 7.8079129
Innogy, 51.4428893, 7.0253940
innogy SE, 52.7919654, 7.2376892
Mark-E, 51.3633561, 7.4639579
Mark-E, 51.3509957, 7.5664819
IKEA, 51.9815318, 8.4917666
SWB, 53.0862671, 8.8330143
SWB, 53.0870160, 8.8089653
SWB, 53.5453125, 8.5918668
Stadtwerke Paderborn, 51.7262643, 8.7143896
NEW, 51.2048525, 6.4471734
Stadtwerke Tecklenburger Land, 52.2724633, 7.7144114
ZOOM Erlebniswelt, 51.5420045, 7.1096302
e-Station, 51.6674716, 8.5935402
e-Station, 51.6674491, 8.5934933
bike-energy, 51.2806712, 7.2683357
Westfalen Weser Energie, 51.8208661, 8.6581707
innogy, 51.4304324, 7.0558472
swb, 53.0824691, 8.8547250
innogy, 51.9278100, 8.5290550
Stadtwerke Rheda-Wiedenbrück, 51.8327584, 8.3123809
real,- SB Warenhaus Krefeld, 51.3212759, 6.6008227
Krane Seh- und Hörzentrum Rheda-Wiedenbrück, 51.8365425, 8.3105728
Franziskus-Apotheke, 51.0274681, 7.8451461
ICB-Institut für Chemo- und Biosensorik GmbH, 51.9697428, 7.5949850
Allego, 53.2316092, 6.5681803
Staatliches Umweltamt Krefeld, 51.3302655, 6.5443175
Stadt Meinerzhagen, 51.1201105, 7.7540702
Stadtwerke Geseke, 51.6355967, 8.5055687
Allego, 51.9897339, 5.9082181
Allego, 51.9905630, 5.9092694
Allego, 51.9874767, 5.9082436
Stadtwerke Lünen, 51.6149401, 7.5199285
Greenflux.nl, 52.7190825, 5.2688802
GreenFlux.nl, 52.7034838, 5.2821404
NEW, 51.1275072, 6.4123417
wallbe, 51.7327334, 8.7844384
wallbe, 51.7327558, 8.7844095
wallbe, 51.7327770, 8.7843841
HS Bochum, 51.4465119, 7.2716973
Stadtwerke Bochum, 51.5188866, 7.2785809
swb, 53.5344915, 8.5983983
NEW, 51.1948116, 6.4429985
vessel charger, 51.4547901, 6.7285257
vessel charger, 51.4539750, 6.7291502
vessel charger, 51.4555791, 6.7276531
eon, 51.7063363, 8.7673359
Innogy, 51.4841860, 6.7635658
Allego, 51.1590453, 5.0009325
Stadtwerke Bochum, 51.4252735, 7.1598747
NEW, 51.1988274, 6.4377103
Stadtwerke Bochum, 51.4663781, 7.3150389
NEW, 51.1095156, 6.4650714
Ladestation für Elektroautos, 51.4304351, 8.0108045
Stadtwerke Herne, 51.5365035, 7.2238172
Stadtwerke Herne, 51.5406385, 7.2076144
Stadtwerke Herne, 51.5296434, 7.1603919
Stadtwerke Herne, 51.5348574, 7.2316134
Stadtwerke Herne, 51.5258840, 7.1657811
Stadtwerke Herne, 51.5541274, 7.2179050
Stadtwerke Herne, 51.5441549, 7.2367383
Stadtwerke Herne, 51.5390954, 7.2569702
Stadtwerke Herne, 51.5475764, 7.2609341
Stadtwerke Herne, 51.5268296, 7.2306654
Toom, 52.2588347, 7.7098781
NEW, 51.1757534, 6.3841092
NEW, 51.1757335, 6.3841728
Westfalen Weser Energie, 51.7694574, 8.5545784
Essent, 52.0375085, 6.6261166
BEW, 51.1410459, 7.2137909
BEW, 51.1412324, 7.2141488
Stadtwerke Geseke, 51.6433296, 8.5107028
NEW, 51.1667551, 6.4491683
Ecotap, 51.5629902, 5.0495854
Stadtwerke Bohum, 51.4779289, 7.2089180
wallbe, 51.7316208, 8.7123104
wallbe, 51.7316183, 8.7122303
wallbe, 51.7316158, 8.7121502
E-Tankstelle, 51.1058175, 6.6242123
E-Bike Ladestation, 52.3167056, 7.1625907
innogy, 51.4113450, 7.4982579
NEW, 51.1653279, 6.4387598
NEW, 51.1338422, 6.2822043
Nuon, 52.3524796, 5.0028511
Nuon, 52.3515110, 5.0019242
Nuon, 52.3548714, 5.0023869
Nuon, 52.3524772, 5.0055788
Nuon, 52.3534636, 5.0061187
Nuon, 52.3535184, 5.0011858
Nuon, 52.3510600, 5.0060088
Nuon, 52.3503428, 5.0073367
NEW, 51.2239634, 6.4685410
NEW, 51.1011592, 6.1556584
ladenetz.de, 52.2231000, 8.0843818
Stadtwerke Osnabrück, 52.2468467, 8.0693800
innogy Ladestation, 52.3031685, 8.1255804
innogy Ladestation, 52.2997937, 8.1339632
NEW, 51.1391765, 6.2769481
NewMotion, 51.8320313, 6.6152658
NewMotion, 51.8320309, 6.6154384
NewMotion, 51.8320322, 6.6153527
NEW, 51.1316789, 6.3062698
Stadtwerke Hattingen, 51.3943420, 7.1784567
Stadtwerke Hattinen, 51.3992685, 7.1866264
wall-e.com, 51.7150650, 8.7251180
Stadtwerke Bochum GmbH, 51.4873736, 7.2289855
Innogy, 51.0676892, 6.6667918
ARCADEON Hotel, 51.3797629, 7.5204040
ARCADEON Hotel, 51.3797864, 7.5204270
innogy, 52.4886689, 8.0601122
NEW, 51.1506848, 6.3621485
Stadtwerke Norderney, 53.7145307, 7.1741240
E-bike, 52.3011491, 6.7577960
E-bike, 52.3011483, 6.7578238
E-bike, 52.3011680, 6.7578198
E-bike, 52.3011668, 6.7577895
NEW, 51.1370091, 6.4565055
EWE, 53.6997913, 7.1578847
NEW, 51.0814074, 6.3172133
(in Bau), 51.5370458, 7.2249694
(in Bau), 51.5370084, 7.2251103
Minigolf Gustorf, 51.0701561, 6.5774010
NEW, 51.0932966, 6.4062537
NEW, 51.1020651, 6.2746768
Stadtwerke Gronau, 52.2051286, 7.0342996
EWE, 53.6745000, 7.5716800
NEW, 51.1445894, 6.2813529
NEW, 51.1446427, 6.2813525
Tesla Motors, 53.0281257, 8.8091155
Innogy, 51.5346783, 7.4505739
E bike oplaadpunt, 53.1691364, 6.5552866
Gemeinde Finnentrop, 51.1755228, 7.9641517
NEW, 51.1988333, 6.4729903
ASP  Westfalen Weser Energie, 51.7138643, 8.7408324
innogy, 51.6054128, 8.6518377
Ladestation Am Bahnhof, 52.0176550, 8.4201410
Ladestation Hallenbad, 52.0007600, 8.4215370
Ladestation Bahnhofstraße, 52.0062850, 8.4130370
Allego, 51.2286776, 5.4252378
Allego, 51.2127141, 5.4209174
Allego, 51.2115346, 5.4275115
Strandhotel Duhnen, 53.8852732, 8.6403791
NEW, 51.2027791, 6.4409649
NEW, 51.2008969, 6.4341691
Tesla Supercharger, 51.7870755, 8.4939873
innogy, 51.5200837, 8.6998844
Allego, 51.4705037, 5.4590042
NEW, 51.2055022, 6.3432837
wallbe, 51.7307188, 8.7098689
wallbe, 51.7307578, 8.7098663
Allego, 52.2274125, 6.8866900
Lidl, 51.8423328, 8.3171392
Mercedes-Benz, 51.6987571, 8.7273429
EWE, 53.1118698, 8.4583590
Innogy, 51.4601823, 7.0186965
Innogy, 51.4584966, 7.0076571
EWE, 53.5933020, 7.2045422
EWE, 53.5872825, 7.2077749
Tesla, 52.3085813, 5.1411752
Kaufland, 51.4736207, 6.9996791
Evnetnl, 51.5156353, 5.4850872
Nuon-Heijmans, 51.5093106, 5.4750046
Nuon-Heijmans, 51.5174100, 5.5088689
Nuon-Heijmans, 51.5213086, 5.5109708
EWE, 53.6911741, 7.8061876
Ionity GmbH, 51.1583749, 7.2302806
Ionity GmbH, 51.1583947, 7.2302491
Ionity GmbH, 51.1584149, 7.2302163
Ionity GmbH, 51.1584350, 7.2301807
innogy, 51.4632175, 7.2356399
innogy, 51.4626335, 7.2346818
Allego, 51.0720613, 5.1465460
Groningen Airport Eelde NV, 53.1293903, 6.5870672
innogy, 52.0944165, 7.5149393
EVBox, 52.0874292, 5.1021039
EVbox, 52.9640370, 5.8911879
Solartankstelle, 52.1718857, 9.6258911
Energieversorgung Hildesheim EVI, 52.1556768, 9.9413928
Stadtwerke Union Nordhessen, 51.3153941, 9.5007086
Stadtwerke Leipzig, 51.3517071, 12.3732405
Stadtwerke Union Nordhessen, 51.3121218, 9.4769082
coop e.G., 54.3129473, 10.2005577
Stadtwerke Wedel, 53.5804213, 9.7021987
EVH, 51.4944227, 11.9376362
Stadtwerke Wismar, 53.8982003, 11.4650487
Elektrotankstelle des Fraunhofer IFF, 52.1417528, 11.6570890
Stadtwerke Halberstadt, 51.8992321, 11.0719951
RWE, 53.9945170, 10.7807086
Autohaus Schlesner GmbH  Co. KG, 52.6306321, 9.2186477
RWE - eRoaming Stromtankstelle, 51.1918361, 11.9635793
Autostadt, 52.4331036, 10.7979285
Mittelhof Gessin e.V., 53.6974760, 12.7118982
SVO, 52.6248926, 10.0866355
Stadtwerke Union Nordhessen, 51.3127775, 9.4864380
RWE, 51.4490990, 11.8122630
Tesla Motors Inc., 52.1740692, 11.4945093
Autohaus Kath, 54.8030864, 9.4884536
Avacon, 51.9708137, 10.7113294
Martim-Hotel, 52.1291389, 11.6311217
Tesla Motors Inc., 51.3709766, 9.6333062
Windbeutel-König, 51.8297760, 10.4565230
E-Ladestation, 53.2918031, 9.2789109
Gemeinde Lengede, 52.2064168, 10.3095690
EWE, 53.4734338, 9.7858437
Dorfmark Touristik e.V., 52.8648855, 9.6957148
Tesla Motors Inc., 52.8532466, 9.7022237
Tesla Motors Inc., 52.2790230, 9.3508280
Wucherpfennig GmbH, 52.3881213, 9.8128329
Autohaus Voets, 52.0809171, 11.5792624
Stadtwerke Mühlhausen, 51.2120530, 10.4615180
Wohnmobil-Stellplatz am Yachthafen / Gr. Liedern, 52.9578916, 10.5934913
StadtwerkeUnion Nordhessen, 51.1330867, 9.5447626
Envia M, 51.6775735, 10.9660721
Autohaus Abicht, 51.5122326, 10.2421389
Stadtwerke Böhmetal, 52.8637073, 9.5931369
enercity, 52.3700864, 9.7295062
Stadtbus Nienburg, 52.6396021, 9.2096283
SHeff-Z, 54.0937000, 9.9751757
Kulturgut Ehmken-Hoff, 52.8439676, 9.2261777
Mittelweser Touristik, 52.6381752, 9.2049126
Radhaus am Rathaus, 52.6383495, 9.2045880
bvb, 51.9440009, 9.0991875
Hansestadt Rostock, 54.0820876, 12.1396533
Stadtwerke Rostock AG, 54.1385618, 12.0746050
Stadtwerke Rostock AG, 54.1246638, 12.0830190
WIRO/Parkhausgesellschaft Rostock, 54.0891798, 12.1307101
RWE, 54.0885970, 12.1289111
Ladestation AIDA, 54.0933582, 12.1449002
Stadtwerke Uetersen, 53.6835368, 9.6657193
ViCon GmbH, 52.4196867, 9.8250013
Städtische Werke Kassel, 51.3122797, 9.4452944
Stadtwerke Peine, 52.3213156, 10.2321898
Stadtwerke Peine, 52.3233960, 10.2280280
Energieversorgung Sehnde GmbH, 52.3139404, 9.9642552
Das Kaffee Haus, 52.3249975, 9.9543751
Stadtwerke Soltau, 52.9852643, 9.8377867
enercity, 52.3298749, 9.8053646
Enercity, 52.3751728, 9.6948725
Enercity Contracting GmbH, 52.4402149, 9.7416116
Hannover Airport, 52.4599004, 9.6968421
Volkswagen Automobile Region Hannover GmbH, 52.3957066, 9.9732016
enercity Contracting GmbH, 52.3724019, 9.7390389
ARAL E-Tanke, 52.2888882, 12.4640720
Renault Henze, 52.3429507, 9.7630431
Renault Bartels Häger, 52.3820180, 9.8620456
Freiwillige Feuerwehr Wassel, 52.3181903, 9.9303634
Hagebaumarkt, 52.4599586, 9.9928195
Piratenpartei Hannover, 52.3936501, 9.7132859
Autohaus Martens, 53.8638959, 11.2081093
Mennekes, 51.3872669, 10.3283874
steelware GmbH, 52.4485599, 10.0407673
Hagebaumarkt, 53.2863813, 10.4261784
LVB, 51.3408843, 12.3718761
Tesla Motors, 53.5073468, 11.0968445
Tesla, 53.5307747, 10.3416136
Energieversorgung Halle (EVH), 51.5079593, 11.9269437
Lübeck Netz GmbH,, 53.8693846, 10.6772657
Lübeck Netz GmbH, 53.9600229, 10.8775685
Kur und Tourismus GmbH Bad Frankenhausen, 51.3555732, 11.1022131
Stadtwerke Lübeck, 53.8682810, 10.6740821
audi e-tron, 53.8564470, 10.6358278
Stadtwerke Lutherstadt Wittenberg GmbH, 51.8675559, 12.6604807
Regionale Energie- und KlimaschutzAgentur e.V., 52.2456429, 10.5103181
IAV GmbH, 52.4569320, 10.5540238
IAV GmbH, 52.4569447, 10.5539538
IAV GmbH, 52.4569575, 10.5538835
Ladestation für Elektroautos, 51.9298168, 9.8810154
Tank  Rast, 51.6559250, 11.8223042
Braunschweig, 52.3161365, 10.5601476
Stadtwerke Geesthacht, 53.4363685, 10.3738957
Esso, 51.4039837, 10.4165138
Esso, 51.4030074, 10.4145195
Feddersen Automobile, 51.9926232, 9.8399616
Ladestation, 52.2698964, 10.5231796
Ladestation, 52.2698987, 10.5231664
Wladimir Vorat, 51.9219957, 9.6552908
Elektrofahrzeuge, 52.2260833, 11.0096662
Volkswagen, 53.1301053, 10.2171244
Westfalen Weser Netz, 51.9153509, 9.1499777
Westfalen Weser Netz, 51.9585798, 9.2450594
Schleswiger Stadtwerke, 54.5186696, 9.5515715
Northeim-Touristik, 51.7058225, 9.9967856
Ladestation Sörup Edeka, 54.7185495, 9.6767008
Stattauto, 53.8385904, 10.7077933
Tesla Supercharger Sangerhausen, 51.4505514, 11.3044818
WAAGE Raiffeisen Burgdorf, 52.4505121, 10.0053701
Stadtwerke Geesthacht, 53.6608640, 10.2855672
Bauhaus, 53.5857575, 9.8731621
Ladestation, 51.5889149, 9.9270498
Stadtwerke Magdeburg (SWM), 52.1490203, 11.6623517
emco, 51.8915771, 10.4247537
EnBW, 52.3864908, 9.9987049
EnBW, 52.3887007, 9.9965413
Hotel am Springhorstsee, 52.5040640, 9.8367336
Avacon AG, 52.4941442, 9.8604333
HanseWerk AG, 53.8320457, 10.4889327
EWE AG, 53.1097060, 9.3986884
Strom Zapfsäule Stadtwerke Kiel, 54.3295445, 10.1313397
Stadtwerke Itzehoe, 53.9306402, 9.4969431
IAV GmbH, 52.4568112, 10.5547327
IAV GmbH, 52.4567963, 10.5548168
IAV GmbH, 52.4567826, 10.5548909
Stadtwerke Verden, 52.9312757, 9.2251950
Stadtwerke Verden, 52.9313113, 9.2251790
Hansewerk, 53.9177719, 10.6962764
Hansewerk, 53.9178118, 10.6963599
E.ON Avacon, 53.2384921, 10.4338660
REWE, 52.3585857, 10.1184547
E-Ladestation, 52.9210736, 9.2330845
RWE, 51.2563683, 12.7372226
Netto, 54.0008885, 11.4441428
Ladestation Goldbach Süd, 52.9986309, 9.1810593
Ladestation Goldbach Nord, 53.0007778, 9.1794379
Tesla Vehicles, 52.5423026, 12.9772407
Radstätte, 51.7982651, 11.7381497
Stadtwerke Bad Driburg, 51.7341749, 9.0237826
Hansewerk eon drive, 54.1457938, 9.2830986
ZVO Energie GmbH, 54.1401101, 10.8191259
Stromnetz Hamburg, 54.2491046, 12.2360886
Avacon, 52.0856865, 10.1600666
LTG, 53.0714297, 10.5690181
Bosch, 52.1158080, 9.8970103
Bosch, 52.1159136, 9.8971316
Bosch, 52.1158830, 9.8970876
Bosch, 52.1158407, 9.8970432
EnBW, 53.3478610, 10.0392628
nah.sh, 53.9585364, 10.8647711
NAH.SH, 53.9503313, 10.8540007
Radstätte, 51.8708174, 10.5599727
Tank  Rast, 51.6072659, 12.1832179
E.ON, 51.1055759, 11.9572457
E.ON, 51.1046197, 11.9547448
EAM, 51.2583624, 9.4491417
BeSte Stadtwerke, 51.5290228, 9.0006714
innogy, 51.6221492, 9.0119078
EWE, 53.4403735, 9.9051397
Kaufland, 51.3371162, 12.3364137
Stadtwerke Leipzig, 51.3375082, 12.3336942
Stadtwerke Leipzig, 51.3376170, 12.3399484
BS ENERGY, 52.2765753, 10.5366956
Mennekes, 52.2768382, 10.5374552
Stadtwerke Neustadt in Holstein, 54.1087379, 10.8128385
Stromnetz Hamburg GmbH, 54.3742444, 10.9815297
LSW, 52.7276265, 10.6097568
Clever, 54.8320328, 9.3510919
Stadtreinigung Hamburg, 53.5856706, 9.9820976
GP Joule, 53.8011180, 12.6834616
Ewerk Gruppe, 51.3428488, 12.3751308
BeSte STADTWERKE, 51.6636144, 9.3746129
Wohnungsgenossenschaft WARNOW Rostock-Warnemünde e.G. und Stadtwerke Rostock, 54.1579978, 12.0638690
Wohnungsgenossenschaft WARNOW Rostock-Warnemünde e.G. und Stadtwerke Rostock, 54.1579700, 12.0644653
NEF, 52.0125442, 12.8196209
Tesla, 53.8973293, 11.3856537
Tesla, 53.8973599, 11.3856621
Tesla, 53.8973896, 11.3856707
Dammann GmbH Fliesenfachgeschäft, 52.3838915, 9.0051210
Tank  Rast, 51.6560071, 11.8179149
Comwell Hotel, 54.9058374, 9.7870081
E.ON avacon, 52.2093539, 11.7910270
Stadtwerke Tornesch / Innogy, 53.6930305, 9.6999051
Wemag AG, 53.7012114, 11.1150862
Edeka, 53.6035071, 10.0198432
Stadtwerke Rotenburg (Wümme) GmbH, 53.1201974, 9.4233292
bike-energy, 53.5542899, 10.0133256
Stadtwerke Stade, 53.5835024, 9.4603532
Statwerke Stade, 53.5940283, 9.4296549
Statwerke Stade, 53.6002355, 9.4740914
Statwerke Stade, 53.6027689, 9.5602090
EWE, 53.5609233, 9.6068233
EVI, 52.1509414, 9.9324480
Krause HOME COMPANY, 52.1672025, 9.9146940
Klindwort's Tanke, 53.9175656, 10.6977431
EWERK Gruppe, 51.3478009, 12.4709551
Stadtwerke Leipzig, 51.3116912, 12.3729247
EDEKA Kirchhoff, 52.9609550, 9.0182787
Stadtwerke Jena, 51.0543194, 11.7092681
e.on, 53.6800908, 10.2343480
Stadtwerke Elmshorn, 53.7600092, 9.6532937
Autohaus Heise Stromtankstelle, 51.8177722, 12.2422296
Stadtwerke Schaumburg-Lippe, 52.3215670, 9.2063358
Stadtwerke Elmshorn, 53.7598503, 9.6876768
SVO Celle, 52.9185063, 9.9744464
E.ON Drive, 53.6741340, 10.2430453
Stadtwerke Celle, 52.6532667, 10.0690395
NewMotion, 53.5001354, 10.4605721
Stadtwerke Norderstedt, 53.7154988, 9.9959987
bike-energy Ladestation, 51.9265192, 10.4163967
Bernhard Olbrich GmbH, 51.9187193, 10.3840438
bike-energy Ladestation, 51.3127218, 9.4297579
dez Einkaufszentrum Kassel, 51.2875970, 9.4750540
E-Bike, 51.4929489, 11.9710082
real,- SB Warenhaus Staßfurt, 51.8510079, 11.6076535
real,- SB Warenhaus Schwentinental-Raisdorf, 54.2882625, 10.2182238
ALDI Herzberg, 51.6499083, 10.3321549
Gemeindewerke Stockelsdorf, 53.8882444, 10.6501237
innogy, 54.0044791, 10.7748915
DJH Jugendherberge Dahme, 54.2073724, 11.0906237
Seilbahnen Thale, 51.7415881, 11.0267178
Stadtwerke Northeim, 51.7151857, 10.0007219
Stadtwerke Northeim, 51.7148444, 10.0004914
Stadtwerke Northeim, 51.7155257, 10.0015026
Innogy, 53.3794444, 10.5466708
Ladestation am Dorfgemeinschaftshaus-Seester, 53.7178534, 9.5984197
Ladestation beim REWE, 53.7237447, 9.6630161
Ladestation am Dorfgemeinschaftshaus-Seestermühe, 53.7034359, 9.5752578
Ladestation am Dorfgemeinschaftshaus Seeth-Ekholt, 53.7416570, 9.7294439
Ladestation am Bahnhof Tornesch, 53.6960490, 9.7142406
Ladestation Klaus-Groth-Schule, 53.6917121, 9.7088481
Ladestation Raa-Besenbek, 53.7663636, 9.6272999
Ladestation Pendlerparkplatz Tornesch, 53.7183152, 9.7589584
Stadtwerke Zerbst, 51.9546388, 12.0887920
Wibu, 53.6771148, 10.2523056
Mercedes, 51.3142611, 12.3982056
Stadtwerke Zerbst, 51.9685931, 12.0841343
enercity, 52.3721042, 9.7821782
Autohaus S+K GmbH, 53.4668166, 9.8099689
Kaufland, 51.3621044, 12.3623152
avacon, 51.9122909, 10.3227014
avacon, 51.9122666, 10.3226756
Stadtwerke Uslar GmbH, 51.6580849, 9.6301943
Stadtwerke Uslar GmbH, 51.6615210, 9.6288715
Stadtwerke Uslar GmbH, 51.6586496, 9.6332598
Hamburg Port Authority, 53.5452359, 9.9959556
Hamburg Port Authority, 53.5452146, 9.9958939
Hamburg Port Authority, 53.5451445, 9.9956911
Hamburg Port Authority, 53.5451090, 9.9955875
innogy, 54.0001027, 10.7731770
Ladestation Brumby, 51.8970902, 11.6920109
AKKA DNO GmbH, 52.4451665, 10.7830179
Stadtwerke Wolfenbüttel, 52.1638588, 10.5318794
Hagebaumarkt, 51.8433101, 9.4665596
Campingplatz Grave, 51.9127362, 9.4646398
Mennekes, 54.3780636, 12.4160524
Ladestation für E-PKWs, 53.5981869, 9.4764906
Ladestation Ministerium, 54.3551586, 10.1317241
Telekom, 51.4005843, 12.2108543
Ionity, 51.4510296, 11.3051494
Gemeindewerke Stockelsdorf, 53.8893071, 10.6474926
Gemeindewerke Stockelsdorf, 53.8891599, 10.6411257
Edeka-Markt, 54.7565518, 9.7559113
Reetdorf Geltinger Birk, 54.7749910, 9.9435748
SMA, 51.3147300, 9.5390637
Glinicke, 51.3037899, 9.5301810
Stadtwerke Erfurt, 51.0083212, 10.9826723
FW Automobile GmbH, 52.4561398, 9.1507341
DJH, 54.3781219, 9.0925507
Stadtwerke Bad Sachsa GmbH, 51.5947387, 10.5557705
EVN, 51.5002184, 10.7942354
EVN, 51.4930631, 10.8189228
Envia, 51.7642693, 11.9861457
EVN, 51.5044208, 10.7850870
Stadtwerke Haldensleben, 52.2850099, 11.4068609
allego, 51.0868589, 9.4854910
Stadtwerke Lübeck, 53.8688100, 10.6778821
Garten 2000 + mehr, 54.7470652, 9.3791643
Teag, 51.4805819, 10.2621250
Nienburg Energie, 52.6601717, 9.2371684
Avacon, 52.9685874, 11.1558411
Hansewerk, 53.8532246, 10.6796536
Schöppenstedt, 52.1410089, 10.7723411
Stadtwerke Tornesch, 53.6901002, 9.7093722
Tesla Supercharger, 51.5902565, 11.0011385
Leipziger, 51.3754824, 12.3785750
Stadtwerke Leipzig, 51.3476601, 12.3133017
BS Energy, 52.2294600, 10.5335354
Stadtwerke Wernigerode, 51.8471809, 10.7818991
Harz Energie, 51.7370822, 10.2320381
Edeka E-Bike Ladestation, 54.7823622, 9.4506952
EDEKA Hauschildt, 54.2381390, 10.0695828
ARAL, 51.3993092, 12.1914162
ARAL, 51.3992723, 12.1913859
ARAL, 51.3992350, 12.1913502
ARAL, 51.3992281, 12.1913433
ARAL, 51.3993065, 12.1914269
ARAL, 51.3992699, 12.1913987
ep-schleiostsee, 54.5840056, 10.0227968
enercity Netzgesellschaft mbH, 52.3705527, 9.7158180
Heldele, 51.4742021, 10.8076568
